"Date","Remitly: Send Money & Transfer","Wise - Global Money","Moniepoint Personal Banking","Revolut: Send, spend and save","PayPal - Pay, Send, Save","Cash App: Mobile Banking","OnePay – Mobile Banking","Venmo","Capital One Mobile","Settlemate: Class Actions","Kalshi: Trade the Future","Intuit Credit Karma","Chime – Mobile Banking","Chase Mobile®: Bank & Invest","Progressive","Citi Mobile®","Wells Fargo Mobile®","State Farm®","Fidelity Investments","Perpay - Shop and Build Credit","MyCardWallet.","Annotations"
"2024-11-18",6109,2619,684,1444,30870,33230,10489,24834,27622,,1416,30213,15406,16771,17948,8319,8669,10556,8697,1766,1496,
"2024-11-19",6072,2370,624,1384,30768,32245,9732,25241,28782,,1272,29294,16816,18344,19900,9034,9464,11617,9903,2056,2119,
"2024-11-20",5840,2454,591,1374,31568,35755,8829,27239,28765,,1201,33434,16894,18173,19016,8560,8838,10637,10352,2021,2194,
"2024-11-21",6044,2491,599,1386,30974,32027,8751,27052,27148,,1103,36635,16368,17122,18677,8107,9432,10489,10053,1985,2512,
"2024-11-22",6182,2397,587,1419,30554,35280,8392,27085,23537,,1259,35866,15436,17342,17493,7493,9318,9541,9145,1758,2228,
"2024-11-23",5720,2100,631,1365,29232,35543,8401,25547,20960,,1231,32903,13602,14821,12704,6984,7420,6894,7685,1572,1412,
"2024-11-24",5580,2012,612,1239,27865,33015,9268,22428,21326,,1054,30910,13296,12066,9879,6800,6052,5855,7265,1638,1134,
"2024-11-25",6003,2472,753,1569,31464,33174,10555,24322,27232,,1095,41998,14748,16668,16394,8236,8976,9830,8612,2202,2046,
"2024-11-26",6076,2630,783,1622,32093,34282,11534,26279,30387,,1022,41587,15253,18430,18403,8587,9723,10521,8857,2206,2299,
"2024-11-27",6528,2726,790,1615,31982,34347,10893,25819,26659,,922,34600,15449,16260,16669,8193,9938,6535,6657,2068,2343,
"2024-11-28",6780,3223,963,1776,29198,30982,9828,22773,21888,,1140,30365,13920,12045,10608,6473,7017,6881,9122,2340,1821,
"2024-11-29",6083,3006,866,1737,30041,29834,12370,22261,21183,,811,29661,13411,14629,12594,7257,8465,6906,8024,4305,1954,
"2024-11-30",5526,2276,718,1397,29714,30825,11120,23406,20702,,689,28663,13194,13698,11746,7154,7315,6160,7010,2713,1495,
"2024-12-01",5281,2077,636,1310,32742,33448,9330,25584,22701,,1011,31803,14350,12992,10277,6910,6863,6324,7605,1111,1929,
"2024-12-02",5800,2412,703,1549,33393,35174,10373,27267,28888,,1242,36156,15770,17125,16128,8535,9380,10398,9213,2911,1807,
"2024-12-03",5957,2554,726,1520,34517,42317,9638,26123,29264,,1060,38279,17784,18732,18222,8676,9557,10502,10041,2999,3153,
"2024-12-04",6149,2699,731,1459,32336,44119,8534,26503,27869,,1184,37059,17845,16360,17046,8941,9263,9533,9981,2366,6085,
"2024-12-05",5946,2549,697,1438,32152,40633,8732,26929,25792,,1000,36070,18691,15629,16601,8325,8979,9460,10371,1929,6209,
"2024-12-06",6038,2299,686,1370,31955,36653,8585,30924,22873,,913,34227,19161,16148,16032,7882,8851,8634,9344,1937,6990,
"2024-12-07",5525,1940,598,1160,30503,33445,7856,29423,20782,,771,31597,16164,13889,12267,7000,7103,6369,7308,1653,2815,
"2024-12-08",5517,1843,586,1147,30148,33296,8288,24110,21119,,839,30473,15447,11365,9476,6743,6237,5964,7218,1736,1488,
"2024-12-09",5837,2355,635,1440,33661,35358,8500,25650,25941,,947,34343,17244,16687,15636,8267,8674,18950,8961,2038,2989,
"2024-12-10",5823,2596,648,1405,49885,36800,8335,25469,27397,,959,37293,18763,17809,17300,8607,9036,25360,9148,1933,5237,
"2024-12-11",5639,2498,615,1454,45302,39873,8285,25578,26583,,1237,34910,19622,16467,15892,8324,8968,22315,9302,2246,6045,
"2024-12-12",5551,2503,627,1418,46204,40432,8946,26889,26933,,1694,32361,20485,15924,16496,8016,9218,23305,9191,2363,6009,
"2024-12-13",5962,2378,626,1440,44324,39459,9442,29653,24416,,1707,32027,19747,16524,16790,7619,9128,22362,8383,2111,3997,
"2024-12-14",5852,2001,560,1279,36373,34612,8796,26811,22688,,1153,28484,16983,14037,12257,6898,7110,14752,6792,1854,2324,
"2024-12-15",5564,1960,414,1170,32405,34450,8591,25860,21369,,971,31305,16590,11359,9025,6813,6193,12672,7199,1877,1753,
"2024-12-16",5931,2364,568,1522,35500,36947,8452,27891,27855,,914,34803,17049,16309,16165,7981,8869,22137,9140,1827,2951,
"2024-12-17",5844,2321,581,1411,37685,38692,8057,27933,28669,,778,37350,17586,17074,16972,8360,9056,23907,9501,1702,5742,
"2024-12-18",6031,2514,595,1422,35377,39097,8019,27200,28650,,825,35553,18822,17196,16641,8267,9156,21799,9575,1735,9105,
"2024-12-19",6230,2581,625,1531,35885,40268,9242,27964,27939,,967,35448,17944,16082,16969,7620,8859,22403,9021,1920,11160,
"2024-12-20",6424,2692,630,1600,34689,40027,8947,28651,25363,,1132,33390,16492,14880,16039,7310,9070,21052,7927,1827,11455,
"2024-12-21",6215,2061,563,1329,32520,37553,8396,24946,21064,,871,27161,15553,13249,11975,6894,7232,13029,6532,1518,11648,
"2024-12-22",6402,1919,511,1301,29775,35213,9842,23864,19942,,892,27536,15130,10632,8326,6510,6177,9026,6422,1364,12073,
"2024-12-23",7038,2436,684,2272,32441,37590,9881,28169,23361,,858,30082,17416,15699,13477,7783,8838,17838,8097,1487,9042,
"2024-12-24",6631,2341,736,2009,28138,33328,8188,23509,20169,,916,24615,15796,13718,10924,7167,7772,14788,8069,1289,5581,
"2024-12-25",5266,2413,589,1664,23392,37047,6201,18605,14984,,939,19370,11136,9038,6821,5190,5579,7992,7568,1147,4423,
"2024-12-26",6307,2857,584,1705,31167,33924,8131,25404,21652,,982,28516,13598,15552,13383,8084,9451,15139,10070,1269,4658,
"2024-12-27",6335,2672,613,1703,31663,38639,8320,26324,24168,,931,31143,14671,18069,17329,8770,10552,17743,10316,1180,3858,
"2024-12-28",5974,2386,595,1462,31264,36287,7736,23940,22728,,843,29986,13362,15210,13043,7998,7943,12148,8661,1103,2723,
"2024-12-29",5589,2017,546,1489,30448,33461,7518,22899,21513,,887,30083,12584,11147,10314,7427,6624,9882,8467,968,2607,
"2024-12-30",6217,2531,625,1650,32960,38318,7300,26366,25626,,888,34634,15362,18206,18485,8839,9818,18900,10409,966,3137,
"2024-12-31",5700,2399,666,1515,29288,35434,6342,24934,23513,,816,29879,15423,16283,17301,8127,9116,16827,9390,1136,3083,
"2025-01-01",4247,1922,512,1533,26009,32413,7061,22362,21546,,811,27770,15277,12403,12679,7202,7704,11587,9636,987,2003,
"2025-01-02",6187,2622,614,1901,34629,38823,8499,26891,30233,,1041,37077,17783,18979,20386,9746,11892,18499,13248,1117,2398,
"2025-01-03",6709,2806,676,1843,36028,39205,8788,29108,30208,,1006,39554,18096,22043,23488,9671,12447,19862,13847,1139,2391,
"2025-01-04",6022,2407,613,1556,32792,36799,7877,26203,25722,,1006,35446,15398,17773,16712,8253,9183,12434,11159,957,1800,
"2025-01-05",5523,2062,545,1489,30480,33485,7384,22828,22460,,1002,31957,13466,12724,11427,7589,7358,10111,10158,878,1684,
"2025-01-06",5510,2535,623,1526,33212,33558,7093,23378,26068,,1140,34662,15050,15916,16183,8580,9780,14174,11680,1008,9370,
"2025-01-07",5554,2727,713,1689,30562,33035,7325,24400,27710,,1030,39795,15744,17342,19378,9177,10829,16152,12689,970,9983,
"2025-01-08",5806,2873,731,1829,31076,32677,7446,24512,26271,,1256,39289,16488,16597,18925,8654,10167,14672,12062,1022,6227,
"2025-01-09",5906,2863,680,1812,30098,33918,7420,24446,25216,,1345,37872,16697,16040,18555,8008,9727,14453,11152,1130,3296,
"2025-01-10",6306,2867,765,1790,30086,32730,7308,25373,25489,,1178,35014,16183,17414,19761,8201,10013,14886,11334,1073,3049,
"2025-01-11",5711,2450,665,1630,28199,33019,6677,24311,22470,,912,29971,14324,15068,15090,7384,7664,10572,9416,931,2430,
"2025-01-12",5000,2216,551,1521,26891,29002,6582,21950,19464,,995,32519,13303,10957,10198,7078,6668,8290,9167,890,1784,
"2025-01-13",5609,2640,625,1711,26979,29738,7068,21808,24189,,1589,36395,14243,15195,16621,8553,9548,14323,11400,875,2431,
"2025-01-14",5742,2744,718,1770,28736,30385,8111,22399,26265,,1629,39105,15160,15982,17549,9174,9802,15162,12316,905,2499,
"2025-01-15",5891,2779,1126,1637,31397,30487,8095,23200,26641,,1644,40384,16025,17045,19318,9347,10434,15548,13232,916,2559,
"2025-01-16",5883,2685,1026,1674,30465,34845,7856,23544,25584,,1920,43245,16413,16453,19650,8776,10511,15189,13615,1043,2857,
"2025-01-17",5960,2546,840,1733,28714,33320,7161,25022,23914,,1981,38738,16138,17911,19036,8184,10564,14511,15840,1203,2371,
"2025-01-18",5351,1935,653,1393,22965,27991,6533,20864,17369,,1502,24697,12572,13520,12668,6600,7155,9069,14608,952,1538,
"2025-01-19",4824,1629,522,1372,20709,21189,5829,16426,14000,,1730,21124,11780,7921,7414,5043,5144,5846,10227,889,1086,
"2025-01-20",4961,2224,678,1733,24868,23802,6495,19103,16270,,2287,25927,19099,9306,10999,5986,6093,9652,11306,935,1503,
"2025-01-21",5154,2356,691,1785,25204,25274,6759,20393,20480,,2203,31948,18634,13261,14540,7820,8146,11834,13432,883,2060,
"2025-01-22",5292,2482,700,1726,26438,27309,6894,20322,22430,,2276,37968,16725,14206,16717,8156,9109,12126,13298,869,2029,
"2025-01-23",5613,2478,686,1847,27864,30280,7461,21798,22370,,5173,36864,16060,14364,17515,8221,9313,12892,12900,859,1888,
"2025-01-24",6071,2402,634,1947,29074,32930,7526,24386,21383,,4209,36495,16379,15903,18520,7824,9673,13454,12801,886,1788,
"2025-01-25",5768,2124,592,1783,24782,31473,6963,22800,19000,,2494,31936,14129,14344,15081,6774,7309,9174,9430,834,1421,
"2025-01-26",5424,1972,541,1738,26422,27278,6670,20714,16732,,3817,28140,12589,9898,9853,6186,5713,7516,8528,790,1340,
"2025-01-27",6009,2362,595,2008,34018,29817,7445,23619,22977,,3779,42674,14736,14657,17561,8382,9216,13631,14472,776,1808,
"2025-01-28",6220,2516,639,2103,29977,29448,7149,23757,24181,,3582,46012,17336,17636,19714,9145,9977,15411,21874,804,1984,
"2025-01-29",6140,2675,640,2099,30174,30587,7174,23271,23603,,4181,45789,17691,17386,19138,8608,9991,14162,19766,817,2563,
"2025-01-30",6365,2770,777,2214,30976,32754,7443,24506,23612,,3957,41920,18293,17898,21468,8256,11215,15308,16705,941,2924,
"2025-01-31",6784,2678,709,2191,31684,40033,7648,29051,22720,,3216,42490,17749,18622,22008,8012,11247,16043,13031,937,2254,
"2025-02-01",6214,2258,603,1941,25872,34011,6631,24571,20694,,2658,34363,15408,14791,17243,7064,7549,9602,8922,771,1902,
"2025-02-02",6572,2418,636,2003,27313,33005,6832,25328,21394,,3636,32879,15655,12556,13140,7456,7498,8162,9395,894,1718,
"2025-02-03",6741,2634,682,2113,29440,31807,7639,24965,23530,,3264,43902,16647,17763,20713,9410,10982,14918,12344,922,1757,
"2025-02-04",6569,2616,623,2124,29129,33148,7484,25973,24191,,2399,43028,17827,18502,22132,9652,11234,16288,12367,972,1932,
"2025-02-05",6494,2671,651,2113,29627,33553,7350,26122,23991,,2865,43818,17911,18090,21152,9633,10608,16293,12043,963,1992,
"2025-02-06",6568,2673,606,2114,30636,35093,7099,26753,23208,,4059,44608,17316,17032,20530,9305,10339,14273,11355,944,2011,
"2025-02-07",6672,2748,625,2040,30007,33862,6993,28299,21941,,3729,43487,16373,16686,20568,8408,9817,13046,9715,1007,1822,
"2025-02-08",6302,2455,588,1832,27409,32365,6419,26943,20654,,4976,37883,14005,14458,15886,7400,7324,9448,7779,1046,1504,
"2025-02-09",6074,2234,574,1955,23254,27205,5998,22657,18204,,15818,32708,12631,10284,10886,6903,5969,7330,7271,1041,1225,
"2025-02-10",6358,2621,561,2321,28985,29804,6535,24435,21047,,3804,39133,13824,15147,17781,9104,9134,13266,10258,956,1754,
"2025-02-11",6433,2706,595,2349,29650,30442,6898,25790,22240,,1249,43307,15967,16919,19498,9744,10087,14395,10570,934,1827,
"2025-02-12",6681,2727,617,2283,31466,32149,6771,27377,23442,,1217,43396,16242,16654,20218,9558,11310,13131,9949,1035,1724,
"2025-02-13",6506,2722,580,2266,30733,32694,6555,27253,22044,,1372,39238,16427,15705,20030,8980,10518,12743,9607,1096,1987,
"2025-02-14",6258,2614,606,2124,28429,31203,6014,26139,19393,,1563,34289,15385,15283,19186,7902,9459,11905,8171,985,1792,
"2025-02-15",6124,2329,601,2088,26013,34290,5863,25281,20174,,1722,32642,13469,13740,16804,7828,7213,8601,7269,870,1482,
"2025-02-16",5984,2353,581,2185,26485,28532,5861,24394,19987,,2185,36032,13223,11234,12417,7997,6316,8039,7607,937,1379,
"2025-02-17",6313,2969,646,2834,28557,29939,6405,24916,21329,,2055,40562,14407,11952,18685,8806,7246,12973,8667,1102,1887,
"2025-02-18",6402,2831,540,2681,29216,31141,6644,24085,22595,,1937,42536,16066,16791,20254,11444,10401,14793,9860,982,1915,
"2025-02-19",6483,2803,530,2145,28803,30216,6707,24374,22889,,1783,38169,17537,17085,20410,11900,11367,13764,10619,908,1699,
"2025-02-20",6394,2879,507,2213,31057,32226,7115,25618,22970,,1706,40103,18379,16409,21081,10914,10554,14134,9660,910,1696,
"2025-02-21",6558,3010,514,2038,30744,33278,6944,27009,22592,,1491,40468,18537,17396,21451,9814,10234,14186,9111,893,1808,
"2025-02-22",6264,2395,506,2049,26858,33329,6266,26707,20797,,1346,34748,16191,14883,18494,8814,7569,9139,7530,808,1330,
"2025-02-23",6160,2426,522,2178,26214,30593,6458,24303,21461,,1326,35279,15035,12327,14411,9506,6655,9174,7687,816,1100,
"2025-02-24",6582,2930,561,2088,28080,32820,7576,23860,32096,,1531,40696,16180,16476,21895,11841,10369,15600,9624,831,1544,
"2025-02-25",6421,2943,550,2147,28922,33544,7266,24638,35568,,1639,42998,17236,18404,24032,11680,11453,17794,10800,842,1628,
"2025-02-26",6341,2849,502,2306,30587,32876,6721,26430,35540,,1663,44824,17717,17471,25306,11333,11575,15430,10063,830,1601,
"2025-02-27",6531,2886,539,2384,28568,35439,6807,26973,33188,,1662,42089,17555,16960,25015,10739,10910,15135,9258,916,1620,
"2025-02-28",6595,3011,599,2257,27851,35480,6655,26321,31444,,1761,37591,15939,16671,23777,9836,10705,14661,8851,883,1744,
"2025-03-01",6187,2700,597,2031,26625,34616,6069,26253,27135,,1811,34768,15459,15583,19385,8849,8186,10581,6961,886,1354,
"2025-03-02",6170,2516,632,1973,27081,35901,6275,25265,28026,,2562,32803,14413,12599,15824,8920,7444,8860,7394,904,1093,
"2025-03-03",6682,2954,641,2142,28495,32864,7700,24458,33019,,1134,41469,16695,18209,22730,11315,10815,15781,9244,877,1685,
"2025-03-04",6670,2930,589,2206,27391,33925,7488,23494,32897,,2006,40327,16360,18222,22397,10747,11121,15338,10249,856,1739,
"2025-03-05",6663,3003,633,2241,28163,32845,7182,24388,33668,,1215,40508,16114,17594,22473,10391,11397,14440,10342,886,1632,
"2025-03-06",6729,3133,629,2404,27707,33378,7114,25280,33267,,549,39745,15498,16763,22765,10152,10302,13791,9948,974,1450,
"2025-03-07",6834,3168,650,2372,28812,35393,6732,25857,30666,,598,37024,14595,16945,22493,9012,10402,13206,8729,966,1469,
"2025-03-08",6400,2553,746,2300,27420,31661,6155,26092,30114,,592,33773,13436,14907,18726,8085,7661,9192,7104,871,1066,
"2025-03-09",6269,2439,775,2216,27108,32871,6461,24399,28734,,552,30911,13043,11872,14839,8608,7226,8729,7050,848,961,
"2025-03-10",6868,3069,595,2613,29040,33856,7287,24466,33525,,506,41914,14559,17584,22116,10870,10537,14541,9871,889,1298,
"2025-03-11",6926,3040,559,2903,29516,32710,7432,23706,35979,,488,43731,15250,18774,22942,10707,11083,14992,12157,898,1753,
"2025-03-12",6602,3161,602,2767,29499,32699,7133,23933,33783,,537,45224,15202,18072,23069,11435,11048,13892,11501,954,1556,
"2025-03-13",6546,3271,681,2703,28154,33279,6975,25074,31505,,643,45098,14882,17444,22913,11191,10206,13714,10255,914,1513,
"2025-03-14",6507,3398,702,2752,28396,35860,6548,27271,28127,,616,37699,14565,16997,23148,8593,10114,13457,8831,1164,1491,
"2025-03-15",6149,2665,656,2416,27494,31827,6154,25621,25765,,544,34395,12266,14477,18421,7711,7191,8979,7362,1044,1224,
"2025-03-16",5960,2918,779,2805,27507,31215,6077,23344,23298,,519,33611,12562,10853,11688,7749,6330,7186,7897,1058,1015,
"2025-03-17",6319,3062,587,2888,29050,31727,7005,24956,30540,,628,41897,13904,16168,20520,10407,9903,13709,8872,945,1500,
"2025-03-18",6644,3060,533,2695,28700,33030,7086,25206,34219,,707,42697,18802,17957,23298,11356,11031,15158,9174,954,1519,
"2025-03-19",6544,3267,629,2704,29927,32239,6698,27039,32999,,847,42444,17781,16860,22684,9664,10822,13815,9193,1013,1600,
"2025-03-20",6669,3230,601,2452,28291,32685,6569,26536,30507,,1139,39202,16119,15825,21631,9380,10033,13119,8674,1039,1628,
"2025-03-21",6844,2982,580,2255,28596,33635,6425,27963,26933,,874,34644,15142,16233,20663,9998,10234,13350,8313,1031,1540,
"2025-03-22",6357,2714,605,2445,28238,33560,6457,28252,24776,,688,33082,14388,15944,18126,8916,7748,9343,6952,998,1362,
"2025-03-23",6095,2710,609,2356,27007,32083,6460,25921,23974,,681,29853,13432,11950,13548,8625,6686,8403,6993,967,1106,
"2025-03-24",6449,3061,605,2422,30896,32396,7320,25321,30408,,718,38870,15433,17333,20714,10504,9817,13951,8427,937,1294,
"2025-03-25",6521,3154,592,2324,29156,33713,7188,26128,33588,,781,38676,16022,18898,22132,10978,10749,15000,8757,997,1629,
"2025-03-26",6546,3195,594,2321,28888,32809,6724,26216,32722,,668,38454,16326,17891,22391,10608,10640,13617,8737,1011,1625,
"2025-03-27",6566,3216,592,2372,27099,31157,6960,25492,26897,,796,34261,16327,16855,20741,9139,11014,12988,8008,961,1492,
"2025-03-28",6806,3290,572,2301,28834,33238,6952,27387,26547,,866,35545,19117,17523,19987,8800,10684,12727,7664,991,1442,
"2025-03-29",6504,3135,719,3429,27516,34151,11804,27142,23642,,957,29478,17843,14951,18305,8025,7699,8855,6146,945,1006,
"2025-03-30",6158,2760,577,2950,28453,32871,10865,25121,23193,,941,28650,14262,11331,13249,8018,6855,7984,6393,920,948,
"2025-03-31",6632,3089,612,2835,31541,32525,8554,27068,28932,,1138,39897,16426,18280,21703,11125,10548,14060,8271,935,1154,
"2025-04-01",6605,2990,690,2605,31121,33036,7495,27481,31462,,1224,38259,17268,18681,22072,11648,11399,14058,8528,869,1095,
"2025-04-02",6434,3009,703,2681,30053,33545,7325,27194,28893,,1204,39583,16386,17753,21653,10246,10470,12875,9136,1010,1307,
"2025-04-03",6660,3085,669,2713,30121,34608,7326,28437,27634,,1336,38948,16234,20084,21813,10188,10441,12892,12285,1052,1383,
"2025-04-04",6862,3073,680,2439,31590,35217,7078,32710,28901,,1176,39705,15010,20316,21157,9226,10246,11376,16234,970,1393,
"2025-04-05",6436,2458,672,2072,28578,37588,6571,30148,24641,,1212,34594,12674,17954,15942,8018,7515,8129,12859,871,1152,
"2025-04-06",6548,2246,567,2057,28929,35301,6396,26055,23880,,1683,37405,12632,12804,10640,7797,6431,6842,16328,861,842,
"2025-04-07",7449,2864,617,2171,30656,33388,7026,28221,29649,,1357,45571,13824,18212,18873,9909,9710,11915,23053,872,1978,
"2025-04-08",7136,3034,591,2256,32178,33714,6779,27461,31777,,1001,48649,15047,20095,19955,10664,10708,12980,21194,916,1930,
"2025-04-09",6892,2814,577,2284,30079,32090,6452,27860,31472,,881,46774,15621,20135,19664,10091,10597,12500,23542,921,1573,
"2025-04-10",6574,2815,596,2123,29753,33133,6397,29111,27138,,821,45041,15548,21017,20651,9777,10278,12419,21397,1171,2766,
"2025-04-11",6667,2947,630,2024,30796,35007,6396,30482,27051,193,850,45185,14874,20856,20108,8767,10317,11684,16294,1121,2349,
"2025-04-12",6380,2500,583,1938,26958,35312,5958,30451,24445,182,904,40605,12959,19406,15589,7545,7746,8094,9303,947,1505,
"2025-04-13",5929,2358,510,1897,26011,32257,5563,26225,23981,215,1111,52190,12476,14435,11727,7409,6442,7103,9400,891,1182,
"2025-04-14",6130,2957,555,2154,29743,33843,6275,26639,28869,219,1102,72357,14125,20883,19409,9678,9962,12263,12144,892,1765,
"2025-04-15",6083,3167,546,2133,31490,33187,6262,27071,30738,194,1132,72341,14871,21602,21267,9904,10496,13254,11659,884,2001,
"2025-04-16",6155,3271,618,2488,31440,33598,6254,28761,28773,194,1141,61852,15505,19954,20818,9691,10923,12448,10165,1012,2061,
"2025-04-17",6098,3441,635,2820,29529,34592,6445,27199,26399,190,1101,36868,15254,18674,20920,8796,9897,12130,8083,989,2040,
"2025-04-18",6167,3200,578,2819,30748,40686,6576,30468,25255,184,1072,33318,15137,19204,19738,8149,9604,11326,6960,1069,2054,
"2025-04-19",5927,2551,688,2447,26933,38242,6421,28337,23252,158,1209,25090,13278,16366,14725,7333,7426,7786,5416,904,1496,
"2025-04-20",5919,2627,1092,2550,25808,31198,5955,26245,20330,136,1361,24882,12435,12930,11023,6914,6161,7511,5464,903,1140,
"2025-04-21",6272,3143,1024,2629,29531,33125,6970,26379,26410,170,1531,31229,14131,19162,19706,9405,9776,14131,7114,1007,2149,
"2025-04-22",6232,3372,975,2752,30493,37121,6955,27780,28301,,1865,36533,14420,19563,20885,10422,10786,13907,7907,1016,2470,
"2025-04-23",6268,3433,979,2793,30649,34203,6691,28501,28151,182,2040,35706,14739,19093,21326,9953,10413,12850,8125,1041,2493,
"2025-04-24",6287,3402,982,2792,29816,32873,6789,29985,26659,213,2052,31151,15512,18067,20781,8830,10349,12228,7819,1152,2957,
"2025-04-25",6150,3229,943,2793,31894,39361,6370,30914,24595,255,1790,26796,15839,18390,20465,8116,10298,11719,7115,1148,3208,
"2025-04-26",5982,2970,916,2729,28674,37542,5987,31677,23709,345,1851,24055,13149,16011,14773,7501,7828,8631,5659,992,2060,
"2025-04-27",5927,2885,842,2680,29030,33605,5792,29373,22981,336,1898,22620,13047,12614,11204,7387,6850,7798,5259,1021,1320,
"2025-04-28",6295,3264,906,2881,30703,35669,6829,31595,28778,297,1844,27463,16300,19756,21247,9259,10829,14051,7088,1040,1924,
"2025-04-29",6194,3338,809,2894,32859,38149,7054,30869,28834,314,1481,31711,17885,20028,23585,9704,11110,14537,7737,1048,2626,
"2025-04-30",6097,3444,1014,2700,32647,33475,7295,32084,28094,354,1261,38214,17918,20386,24179,9531,11258,13698,7899,1083,3362,
"2025-05-01",6187,3224,927,2575,34262,40168,7610,37241,28415,333,1164,30322,19750,21290,23429,9473,11723,14220,7808,1060,4411,
"2025-05-02",6423,3277,1222,2743,34782,40409,7947,37155,27497,302,1076,26838,18703,22263,24286,9299,13100,14631,8164,1088,5599,
"2025-05-03",6123,3059,1101,2457,29608,39583,7212,32899,24050,449,1231,23624,14525,17162,14572,7437,8162,8450,6123,1111,3309,
"2025-05-04",5813,2715,870,2629,29523,33746,7553,30077,24188,444,1235,23974,13189,12988,11372,7159,6780,7518,5590,1109,1387,
"2025-05-05",6630,3326,971,3033,31991,36685,8057,31707,29600,462,1162,33657,15936,20550,20855,9736,10518,13363,7021,1183,2160,
"2025-05-06",6587,3363,925,2925,32134,38473,7254,30108,30023,404,1316,38369,16738,20830,21449,10055,11158,14077,7676,1144,5004,
"2025-05-07",6698,3417,1187,2942,33990,35857,7429,30826,29791,361,1806,37060,17723,22495,23769,10023,12604,14393,8383,1164,6761,
"2025-05-08",6620,3399,1132,2968,32211,34184,6953,31003,28706,358,3055,30583,18574,21828,24056,9480,12006,13855,8183,1161,3453,
"2025-05-09",7596,3454,1020,3003,33816,40113,6554,33035,28236,422,2542,28583,17834,21100,23590,9015,11797,13643,7936,1159,3023,
"2025-05-10",8005,3087,982,2669,32072,43635,6178,32940,25114,389,1757,23344,14406,16893,13848,7268,7706,7886,5346,1063,2424,
"2025-05-11",6811,2968,817,2866,28515,33946,5757,30089,23072,450,1658,22061,13753,13272,10800,6887,6263,7107,5283,1076,1649,
"2025-05-12",6433,3421,907,2759,30821,36016,6526,29320,28595,444,1996,30363,15696,20366,19876,9431,10097,12860,8779,1020,2501,
"2025-05-13",6001,3369,1049,2763,33828,35899,6814,28520,29526,395,2013,32141,16849,23936,23700,10056,12476,14160,9671,1081,3253,
"2025-05-14",6012,3405,1130,3177,32924,32765,6862,29944,31484,400,2134,36947,17907,23786,23420,9559,13194,13640,9249,1127,3810,
"2025-05-15",6134,3274,1037,3374,34681,37934,6806,29568,27782,405,2015,30125,18420,22604,24083,8975,12511,13194,8741,1143,4202,
"2025-05-16",6587,3477,831,3069,36835,41478,6754,31908,28983,386,2094,29108,18228,21267,23780,8636,11947,13427,8886,1117,5277,
"2025-05-17",6282,2788,866,2841,31744,40269,6193,34259,27989,378,1518,26442,14770,18117,17412,7593,8571,9292,8355,947,4335,
"2025-05-18",6028,2834,943,2993,30002,36266,6062,30784,26415,568,1463,25212,14740,12428,11672,7376,6480,7532,7066,1019,1823,
"2025-05-19",6409,3246,907,2500,31368,38423,6746,31179,28926,650,1770,29357,16048,18956,19697,9231,10772,13502,8169,1040,2705,
"2025-05-20",6371,3118,959,2386,32991,40180,6637,28393,30911,586,1709,29356,17639,21049,23678,9472,12618,14455,8480,1068,4143,
"2025-05-21",6633,3300,810,2997,35683,40780,6452,29131,33168,599,2106,30247,18349,21582,24596,9200,12610,14277,8523,1132,5227,
"2025-05-22",6749,3615,927,3494,33556,41723,6913,27942,28136,567,2251,27203,18213,16612,19126,8739,10111,11068,7817,1217,4837,
"2025-05-23",6764,3260,934,3154,31856,43003,6844,31644,28127,573,1880,26613,16857,18892,22181,9080,10830,12175,7140,1146,5131,
"2025-05-24",6276,2948,1052,3105,27660,38976,6157,31285,24662,546,1448,23559,14614,15106,14612,7873,7790,8379,5443,1025,3729,
"2025-05-25",5871,2564,834,2991,26492,34242,5734,28399,21865,634,1211,22186,13411,10629,9937,6411,5574,6044,4853,1113,1475,
"2025-05-26",6484,3333,1095,3602,29704,35861,6187,28381,23867,744,1680,24904,15652,11396,12947,6409,6275,7729,5462,1252,1702,
"2025-05-27",5810,2868,916,3099,31399,37276,7043,28959,28084,653,1923,26774,16737,17690,21020,8592,10934,13807,7554,1085,2599,
"2025-05-28",5876,2955,1000,3025,34044,37886,7412,30594,30971,557,1877,27837,17616,21058,22708,9532,13293,15636,8501,1035,4280,
"2025-05-29",6446,3060,838,3099,33574,40442,7673,29978,29522,556,2553,27398,20013,18702,22750,8624,11373,13128,8441,1162,6745,
"2025-05-30",6601,3327,1035,3207,34600,40486,8329,35122,28648,539,2461,27019,19597,21104,25952,8655,13721,15009,8198,1241,7435,
"2025-05-31",6390,3173,1036,3102,32594,38064,7803,33380,26813,522,2009,24728,16634,19670,20564,7954,10823,10564,6452,1106,5114,
"2025-06-01",6054,2550,750,3000,29403,34203,7387,30734,25666,579,2014,22436,16309,11780,11900,7191,8069,7274,5782,989,1791,
"2025-06-02",6412,2957,807,2485,31751,36944,7868,32488,28959,679,2228,27222,18175,18936,20722,8895,11836,12071,7575,1074,2966,
"2025-06-03",6095,2997,1001,2517,32973,35552,7933,30594,29594,638,2010,27428,17759,21662,22265,9258,13883,13464,8648,1042,2958,
"2025-06-04",6159,3169,1121,2583,32222,36272,7226,30528,29168,613,1967,26932,17449,18483,20472,8777,12027,12029,8802,1128,2340,
"2025-06-05",6225,3447,1089,2400,32999,35281,7280,31521,29876,543,2363,27258,18291,20554,22163,9545,13002,12542,8889,1217,2635,
"2025-06-06",6273,3306,882,2276,32833,36410,6871,31777,28694,466,2572,26078,17354,20820,23149,9273,13278,12551,8503,1213,2609,
"2025-06-07",6065,2707,861,2491,28786,36194,6223,32000,24926,480,2290,23223,15228,15692,15000,7321,8707,7937,6510,1128,2218,
"2025-06-08",5792,2620,869,2366,29003,32456,6113,30062,23914,548,2284,21770,14464,12169,11617,7292,7382,6931,6088,1123,1461,
"2025-06-09",5884,3154,994,2721,31152,33379,6561,31657,27012,638,2525,25199,15292,19000,18323,8258,12382,11845,7814,1282,2208,
"2025-06-10",5836,3182,1086,2529,32559,33697,6504,30609,28785,571,2550,26084,16273,21066,20685,9144,13204,13607,8505,1145,2180,
"2025-06-11",5971,3284,1077,2527,32657,33323,6612,30680,28707,579,3365,26751,16686,20070,20632,8813,12944,12557,8818,1179,2159,
"2025-06-12",6054,3542,943,2435,32666,35804,7098,31117,26667,573,3391,25225,17186,16531,19445,8326,11412,10732,8555,1261,2328,
"2025-06-13",6230,3432,905,2487,33338,37029,6562,32293,25325,555,3210,21806,15176,16877,19216,7263,10322,9795,7136,1168,2306,
"2025-06-14",6260,2992,786,2427,29832,34266,6145,28835,22695,766,2450,20337,13234,13824,12726,6583,7947,7280,5610,1063,1572,
"2025-06-15",6377,2833,795,2305,27160,31107,5903,27923,22992,1034,2206,21071,13491,11458,9985,6256,6344,6289,5655,1067,1332,
"2025-06-16",6290,3327,804,2576,31305,32351,6345,28566,27523,1091,4018,24719,14330,17552,17835,8267,10655,10763,7359,1293,1901,
"2025-06-17",6434,3324,299,2536,30349,33073,6713,29245,28328,848,3486,25108,16269,17906,20069,8762,11832,12100,7861,1363,1958,
"2025-06-18",6354,3417,849,2670,34595,28308,7312,28606,28551,1718,2884,25779,17591,19492,21684,8582,12287,12325,8084,1300,2005,
"2025-06-19",6511,3500,1059,2803,31369,35917,6919,29341,27787,5400,3488,23585,16710,13256,19572,7643,8261,10675,7023,1783,1930,
"2025-06-20",6540,3338,900,2490,32975,35995,6738,31517,25916,8294,3938,22474,17741,17160,21129,7927,10497,10739,6896,1580,1819,
"2025-06-21",6234,3010,820,2169,28529,33886,6454,30828,23558,3188,3821,20072,19670,14716,14385,7191,8318,7163,5523,1304,1322,
"2025-06-22",6082,2876,765,2148,27379,29558,6328,28133,21988,1357,5444,19135,15516,10864,10166,6849,7014,6107,5565,1162,1134,
"2025-06-23",6104,3196,867,1922,30320,32215,6622,30082,27179,2104,6822,23350,15784,17404,17590,9121,10795,11009,7408,1220,1598,
"2025-06-24",5858,3339,852,1959,34434,32707,6915,28568,27836,3102,6662,23976,16068,20775,21002,9461,12781,12749,8233,1533,1736,
"2025-06-25",6129,3639,859,2485,37439,36377,7221,29726,27002,2450,6022,24990,17723,17387,19348,9080,11966,11425,8148,1671,1731,
"2025-06-26",6359,3701,778,2402,61813,34690,7199,30413,26636,7865,5620,23019,22157,15896,18307,8509,11193,10582,8454,1469,1635,
"2025-06-27",6087,3352,844,2110,58876,37941,6944,32972,25131,5805,3889,22690,21707,16893,18621,8041,11020,10162,8160,1388,3380,
"2025-06-28",5788,2945,791,2046,43845,34510,6432,30797,23415,3455,2699,20271,17534,14207,13518,7168,8468,7181,6621,1147,2132,
"2025-06-29",5812,2837,688,1981,37766,32002,6637,28717,22591,5569,2683,19789,16381,11917,11089,6866,7058,6372,6743,1084,1205,
"2025-06-30",6615,3636,762,2474,39196,34724,7501,30791,28900,8135,3055,23494,18010,18731,20463,9820,11580,11552,8964,1216,2112,
"2025-07-01",6529,3561,792,2446,40387,36108,7673,33022,29603,8182,3501,25138,20397,22177,23707,9596,13207,13843,9396,1226,2405,
"2025-07-02",6511,3449,840,2297,39052,35332,7837,33147,28837,12072,6409,24465,20059,22748,24072,9190,14213,13749,9808,1333,2220,
"2025-07-03",6871,3581,953,2740,40839,36180,8376,33007,27382,7771,5671,22498,20324,20226,22223,8675,12783,12130,9217,1282,2328,
"2025-07-04",7443,4070,1123,3218,36995,33994,7898,30837,23154,3589,4804,19415,17093,12508,14798,6934,8177,8306,7887,1261,1913,
"2025-07-05",6419,3158,891,2771,34598,30267,7583,28765,21527,1479,3711,18502,16123,13859,12225,6806,7843,5957,7024,1094,1290,
"2025-07-06",5805,2541,743,2318,29085,33723,7094,27417,21632,1172,2661,18594,15132,12275,10819,7376,7159,6396,7667,1061,1105,
"2025-07-07",6363,3315,723,2368,35022,32826,7812,31106,27475,4021,3235,24902,16961,19912,19951,9174,12389,12330,9427,1246,2500,
"2025-07-08",6609,3457,750,2624,37822,32849,8303,31606,27676,15973,3552,25052,17532,21623,21102,9272,13030,13129,10049,1362,2709,
"2025-07-09",6362,3454,970,2785,36420,34569,8610,31451,28090,30429,3441,24934,18064,22733,22267,9862,13633,13182,10561,1365,2342,
"2025-07-10",6885,3349,845,2783,36019,32784,8622,32034,26857,15857,3710,24977,17792,19457,20699,9015,11984,11405,10650,1372,3075,
"2025-07-11",6738,3249,873,2679,37697,34100,8489,33624,26253,8126,3605,22640,16621,20352,21120,8159,12091,11238,9804,1291,2440,
"2025-07-12",6123,2653,738,2421,31236,34417,8146,32257,24152,5361,4004,21131,15097,16957,15680,7278,8675,7238,7438,1157,1536,
"2025-07-13",6199,2487,669,2211,30185,31312,8601,30644,22755,4289,4079,20285,15278,12372,12082,6971,6671,6402,7309,1081,1229,
"2025-07-14",6227,3095,760,2661,31515,34921,9640,30304,27877,4125,5470,24748,18538,19305,19448,8708,11489,12125,9258,1195,1652,
"2025-07-15",6308,3301,749,2665,35464,32905,8527,31168,29591,8183,5405,25136,19925,22134,22002,8888,12569,19877,10871,1237,2405,
"2025-07-16",6401,3355,797,2773,35829,34610,8594,30578,28745,9052,4523,24874,19743,21130,20878,8640,12082,17010,11510,1305,2557,
"2025-07-17",6644,3246,774,2647,34678,35500,7978,31937,28485,13734,6655,23913,23891,19811,21447,8279,11474,14291,11552,1731,2731,
"2025-07-18",6839,3104,791,2296,37404,33770,7966,33104,29024,21137,6654,22201,22308,19750,21341,8188,11243,12918,9802,1897,2722,
"2025-07-19",6352,2718,770,2213,32592,34921,7630,33849,26748,17940,5733,21899,19823,19853,17830,7635,8476,9630,7878,1636,1553,
"2025-07-20",5964,2366,655,1970,30973,32187,7634,30982,24150,18342,4714,20305,16851,12842,11666,7567,6614,6936,7911,1554,1314,
"2025-07-21",6425,2765,706,2302,30765,36712,7900,33215,29705,14079,3419,24941,17897,18910,19408,11384,11094,12168,10400,1636,1741,
"2025-07-22",6426,2995,689,2435,35746,34655,7777,31844,30123,13627,2907,24988,18766,20295,21584,11413,12178,13569,10686,1668,1910,
"2025-07-23",6384,3057,714,2360,37004,35829,8024,32491,30772,10181,2508,27161,20390,20143,22042,9765,11567,12692,11738,1724,2091,
"2025-07-24",6306,3273,879,2201,36062,34841,8321,32901,29050,8953,3431,27367,21451,21416,22570,9348,12742,13091,11822,1786,2371,
"2025-07-25",6619,3279,990,2350,35221,35702,8375,33770,28670,9052,3223,25385,20590,21390,22731,8800,13400,12831,11001,1758,2902,
"2025-07-26",6323,2371,657,3238,33619,30938,7752,31230,24254,7828,3274,21682,18290,14760,13440,6784,7925,7239,8286,1546,1882,
"2025-07-27",6016,2677,610,2168,28524,31681,8419,30832,23326,8634,2512,20251,17187,12318,11275,6894,6844,6295,8599,1500,1214,
"2025-07-28",6548,3367,766,2369,32794,35599,8194,32180,28497,10338,3131,24842,18513,17250,18499,8901,11423,11969,11342,1770,3360,
"2025-07-29",6300,3390,770,2517,35113,32891,8255,31531,28226,9269,3185,25236,20993,17917,21099,8835,12512,13958,11216,1743,5640,
"2025-07-30",6458,3808,1003,2761,36251,34725,8607,34667,28254,8790,2973,26147,22687,17831,22284,8409,12242,13179,11077,1799,6900,
"2025-07-31",6628,3610,789,2700,36754,35622,9090,35973,27420,7230,3641,24586,22188,17936,23026,8752,12608,13343,11466,1897,7321,
"2025-08-01",6933,3540,897,2790,41204,34618,9651,37467,29260,6962,3269,22043,21045,19736,23916,8558,12961,12658,10587,1832,7357,
"2025-08-02",6518,2771,811,2166,34129,36973,10030,34838,26079,6188,2727,21231,18918,17153,17300,7862,10123,8703,8729,1587,3241,
"2025-08-03",6299,2674,671,2045,28159,34025,9899,29986,22572,8196,2274,20572,17725,12726,12001,7155,7233,6354,9074,1562,1225,
"2025-08-04",6619,3026,742,2541,37102,32084,8985,29698,27998,7899,1906,23504,18059,17818,19051,9469,11009,10980,11554,1714,1552,
"2025-08-05",6657,3052,769,2566,35324,31877,8578,29793,27832,8475,1882,23977,17220,17964,19302,9459,12363,11831,12072,1631,1814,
"2025-08-06",6410,3102,862,2407,35618,32759,9127,31405,28378,8377,3216,24872,17257,19402,21052,9093,12898,12322,11830,1710,2102,
"2025-08-07",6320,3355,992,2427,35184,33530,9675,32138,28586,8180,3274,24276,18059,19970,22338,9013,12850,12485,11264,1847,2203,
"2025-08-08",6666,3290,838,2371,36286,31516,9795,32558,28185,6958,3074,21846,17280,18241,20013,8154,12059,11439,10567,1801,2249,
"2025-08-09",6352,2426,762,1939,32954,33609,9543,31224,25411,5609,2499,19994,15896,16033,15167,7716,9018,8366,8473,1555,1657,
"2025-08-10",5883,2452,717,1903,29871,31538,9919,30821,24495,9291,2083,19481,14910,12445,11917,7593,6756,7221,8290,1510,1368,
"2025-08-11",6048,2927,995,2605,32893,33062,10483,30285,29140,10295,2375,22252,15742,19350,19690,9235,11735,12783,10036,1653,1867,
"2025-08-12",6055,3002,964,2813,34110,29613,9801,28535,27391,8062,2526,23118,16825,20318,21626,10149,13404,13983,10993,1662,2116,
"2025-08-13",6350,3105,762,2498,31785,29847,10035,27348,29264,12927,2511,23671,17990,18299,20845,9555,12028,12510,11878,1743,2307,
"2025-08-14",6351,3298,910,2445,32949,30889,10293,30866,27152,15541,2550,23171,18698,18171,22017,9183,11596,12487,11128,1746,2393,
"2025-08-15",6613,3124,804,2197,36752,29917,9746,33867,25962,12331,2858,21142,17568,18332,21704,8640,11898,11994,10356,1685,2903,
"2025-08-16",6364,2551,712,2321,32073,34536,9115,30914,24442,11832,2975,18983,15854,15553,15934,7416,8694,8042,7892,1518,2614,
"2025-08-17",5930,2371,620,2244,28157,31032,9157,28750,22230,14384,2666,18364,15177,11525,11750,7372,7185,7060,8167,1456,1886,
"2025-08-18",6272,2998,682,2392,26211,29692,9454,28876,25257,14030,2277,20980,15893,17080,18075,9108,10824,11379,9244,1523,2902,
"2025-08-19",6077,3084,705,2384,29112,27734,8696,26928,26087,11400,2164,20874,16175,18621,20327,9297,11681,12263,9560,1449,3744,
"2025-08-20",6128,3080,891,2565,27983,27350,9066,28060,25433,11368,2467,22762,17516,17075,20442,9205,11659,11571,10036,1540,4568,
"2025-08-21",5936,3044,905,2686,28065,27477,9702,27720,24548,16898,2200,22449,17641,18328,21448,9084,12068,11869,9502,1840,5205,
"2025-08-22",6172,3251,807,2719,32072,27002,9473,30283,23608,13079,2415,20256,17052,17034,19533,8084,10663,10418,8630,1769,5401,
"2025-08-23",5995,2598,718,2352,28266,32729,9415,31151,23818,8817,2231,18690,15482,15506,15300,7478,8399,8157,7511,1585,3990,
"2025-08-24",5679,2344,604,2201,26557,28882,9747,28721,20852,8541,1774,17131,14715,11203,11791,7364,6395,7040,7338,1420,2279,
"2025-08-25",5753,2913,710,2588,28274,26194,10311,28447,23999,7550,1711,21113,15224,15518,18433,9148,9929,11332,8810,1444,3943,
"2025-08-26",5717,2795,788,2493,24560,25218,11027,27081,24790,6561,4376,21867,15546,16284,19107,9206,10858,11651,9092,2229,6003,
"2025-08-27",5796,2831,781,2325,28172,27611,12021,27477,24417,6163,3578,22767,16997,15959,20087,9085,10952,11252,9290,2743,5744,
"2025-08-28",5681,3372,788,2499,31246,29417,13241,27727,23496,6623,2464,22085,17085,15664,20505,8767,10582,11499,8961,3773,3211,
"2025-08-29",6184,3343,780,2520,30158,29606,13479,36006,21953,5283,2332,20691,17184,16624,20307,8093,11380,11216,8173,3132,4157,
"2025-08-30",6089,2847,708,2010,26710,32001,13833,30399,20971,3188,2411,17510,15130,14085,13910,7613,9501,8732,7053,2969,1889,
"2025-08-31",5684,2617,708,1935,27463,29062,14712,28637,19066,2888,2372,18084,15160,10562,10684,6933,7114,6752,6886,2716,1301,
"2025-09-01",6074,3458,836,2789,30009,29902,16136,30387,22929,3907,1990,19984,16137,11625,13422,7421,7962,8344,7687,3293,2002,
"2025-09-02",5929,2981,628,2422,25961,28370,14734,28951,25566,7079,1654,22513,15767,15647,18613,9100,11133,11531,8966,2638,4632,
"2025-09-03",5831,3113,756,2172,28217,26189,14279,27682,23755,7316,2703,22276,16238,16568,19764,9925,11190,11304,9619,3145,6113,
"2025-09-04",5635,3073,809,2321,27545,25438,14105,24610,20285,6048,7006,19213,14713,13931,17200,9321,10343,10512,9616,5086,5432,
"2025-09-05",6106,3146,754,2232,30532,30433,15309,32504,19879,6142,7998,18807,15190,14638,17262,8784,9825,9294,9075,5261,2950,
"2025-09-06",5521,2830,637,2052,25709,28381,15280,27582,18503,5336,6701,17675,13032,12450,11543,7782,7198,5493,6891,4678,1333,
"2025-09-07",5137,2571,539,2342,24114,23039,14430,24892,17104,6225,7882,17014,12478,10782,9402,7260,6189,5197,6756,4663,1172,
"2025-09-08",5630,3311,867,2794,28030,26419,16370,26590,22139,7749,6390,20525,13674,15838,16750,9188,10430,10037,8621,3874,2679,
"2025-09-09",5884,3331,861,2431,30607,26461,14726,27502,24344,6929,3974,22585,14278,16408,19443,10263,11816,11684,9875,2596,3013,
"2025-09-10",6027,3405,910,2536,29132,27852,15104,28334,24993,5996,4685,22997,14730,15761,19312,9893,10938,10228,9694,2565,3667,
"2025-09-11",5915,3564,1049,2745,29834,29181,17387,29704,25346,5923,5298,23633,15716,18552,20740,9944,11769,11104,9542,2659,4942,
"2025-09-12",6378,3549,843,2665,31170,29790,17390,31991,23767,5358,6416,21210,15407,17667,20474,9645,10714,9930,8753,2573,5306,
"2025-09-13",5762,2813,740,2392,25848,30737,16390,28108,21423,3713,8151,17389,12598,14657,12666,8639,8611,6460,7177,2262,2626,
"2025-09-14",5511,2574,690,2336,23856,25614,15445,25144,18819,3335,15556,16299,12394,11094,10315,7604,7029,6258,6886,2177,1637,
"2025-09-15",5875,3186,755,2564,26383,29565,16358,28249,25153,7456,6501,21720,14187,16347,17729,9588,10764,10683,9461,2326,7181,
"2025-09-16",6574,3045,822,2790,30302,27982,16707,27448,25000,10773,4207,24254,20538,17752,19430,10051,11954,11256,10857,2311,13492,
"2025-09-17",6067,3053,1005,3102,29535,28936,16984,28362,26260,10997,4602,25229,22326,19022,21496,9273,13011,11701,11284,2303,10209,
"2025-09-18",6078,3268,816,2882,28792,29492,17641,28638,24204,7634,6286,22467,17354,15345,19290,8715,10553,10094,10379,2482,6996,
"2025-09-19",6532,3153,815,2660,31525,29015,17713,29392,23578,5996,6124,20002,15824,16979,19103,8285,10604,9555,9442,2111,4978,
"2025-09-20",6648,2787,740,2451,26272,28743,16458,28497,21315,5952,7915,17586,13056,14532,12407,7627,8715,6830,7774,1779,2412,
"2025-09-21",5434,2407,697,2283,24944,27015,15314,25585,18223,10051,9226,16352,12439,10980,10153,7269,6786,5976,7775,1898,2063,
"2025-09-22",6743,3102,749,2239,27382,28273,16630,27731,24606,11876,10210,21735,14190,15978,17198,8884,10428,9970,10213,2104,14380,
"2025-09-23",6229,3192,845,2632,27549,26636,18130,26776,26860,9419,8800,23868,16216,18907,20600,9394,12805,12053,11417,2150,11373,
"2025-09-24",7403,3024,732,2310,30119,28377,19077,27854,25673,8066,13845,23451,16784,18252,20970,9352,11539,11812,11293,2560,5009,
"2025-09-25",6636,3257,708,3089,29466,29991,21140,29054,25020,9425,11291,23282,16732,15988,20393,9025,10932,11005,10502,3758,4929,
"2025-09-26",6433,3406,787,2873,32668,30362,22214,30426,25076,8559,10771,20770,16661,16367,19484,8560,11725,10841,9837,3684,5019,
"2025-09-27",6029,2613,754,2430,28005,31737,21043,30602,22594,6280,16864,18010,13522,13661,14152,7654,9216,7492,8000,2955,2767,
"2025-09-28",5580,2607,588,2167,24837,26596,17827,25452,18741,6718,22211,15524,12799,10451,10366,7123,7075,5872,8056,3001,1703,
"2025-09-29",5970,3162,714,2223,28654,30908,20511,29517,25383,8621,11105,20049,14508,15837,18960,8959,10888,10861,10039,3192,17434,
"2025-09-30",6213,3138,676,2280,31049,28728,22816,28285,27380,10567,11771,22883,16660,17205,21917,9032,11939,12210,11306,3461,16901,
"2025-10-01",6349,2996,722,2207,31970,32079,26179,30131,28029,10260,18397,24587,19644,17548,22234,9296,12771,12353,12063,3084,8252,
"2025-10-02",6185,2932,900,2203,31277,31535,28501,31473,26677,9060,17673,23593,18371,18409,22962,8804,13380,12404,12352,5033,6934,
"2025-10-03",6325,2912,913,2070,33174,29627,26169,33110,24767,7855,15827,20518,16977,16458,20397,8094,11885,10468,11109,3835,5514,
"2025-10-04",5833,2476,826,1775,28061,32803,23638,31788,22477,6969,15828,17289,15023,14045,13527,7610,8890,6930,8596,2604,2591,
"2025-10-05",5681,2312,726,1834,26404,27659,20617,27194,19259,8930,16355,16869,13909,11218,10598,7747,7219,6245,8934,2246,2429,
"2025-10-06",6033,2826,795,2157,28237,29796,23399,29004,24860,11923,10338,21326,15614,16596,18570,9248,11386,10701,12608,2424,10943,
"2025-10-07",5978,2934,927,2186,32037,28314,25947,27928,26768,10501,10916,23514,18055,19239,21046,10272,14319,12449,14526,2945,8387,
"2025-10-08",6028,3184,755,2264,31160,29315,22968,29017,24931,7286,12251,23959,19305,16074,18018,9725,12229,9414,13516,7259,5795,
"2025-10-09",5944,3077,717,2133,30257,30081,26017,31254,26247,6853,10510,23753,20480,15342,20858,9646,12466,10169,12619,6928,5283,
"2025-10-10",6486,3084,821,1998,33109,32074,25114,31610,24825,5994,9505,20659,18168,16571,19234,8579,12471,10629,11864,2837,3789,
"2025-10-11",6156,2401,854,1733,27090,30109,22770,30233,20519,5039,10568,17676,16128,13396,13132,7184,8827,7296,8762,1812,2260,
"2025-10-12",5777,2302,719,1715,25661,24931,22110,27505,18763,6086,14462,16816,13838,10364,10424,7258,7653,5839,9133,1727,1767,
"2025-10-13",5843,3041,878,2101,27564,30168,21842,28829,21651,6894,10703,20564,16230,14867,17569,7642,8561,9987,12024,2188,3261,
"2025-10-14",6102,3206,925,2053,33630,29931,23386,28066,24984,7167,9152,22747,20446,17822,19780,10254,12780,12115,13757,2511,5788,
"2025-10-15",6043,3165,1093,2199,31672,32631,23519,27662,26071,8453,10167,22803,21137,18674,21489,10652,14509,12405,14132,3714,5806,
"2025-10-16",6145,3141,892,2119,31456,33801,24987,29940,25091,9203,13483,22591,19414,16342,20032,9537,12530,10998,12513,6931,5429,
"2025-10-17",6513,3017,1152,2064,33235,36065,23567,31493,23678,7095,11469,19777,18663,16374,19429,8554,12497,10296,11665,5192,6350,
"2025-10-18",6113,2415,1088,1837,27293,32009,22134,29188,20887,5340,14268,17237,16035,13972,14225,7546,8944,7631,8615,3434,3328,
"2025-10-19",5597,2259,754,1789,26671,27486,21005,27149,18146,6759,13208,15940,14409,10802,11005,7264,7503,6245,8637,2861,2053,
"2025-10-20",6067,3022,844,2493,29196,31043,19282,29063,22725,9483,18376,19806,16796,15022,17392,9209,11134,10312,12225,3244,3678,
"2025-10-21",6133,3181,855,2320,28497,31687,20710,27869,25282,10673,17530,20974,17359,16060,19599,10025,12217,11850,12700,8336,7067,
"2025-10-22",6022,3047,929,2403,30664,30927,20394,27540,24359,10561,16179,21880,17359,16049,19428,9794,12053,11087,12356,10306,5689,
"2025-10-23",5882,3096,1437,2567,30976,28590,22775,28517,23096,8555,15566,20233,21268,15443,18897,9078,11575,10815,11979,7645,5407,
"2025-10-24",6097,2892,1095,2510,30801,33910,20765,29475,20870,6214,13251,16709,18149,14833,18278,8273,11149,10388,11292,5183,4821,
"2025-10-25",6126,2372,834,2215,27736,30830,19933,29520,20180,2991,14006,15260,15297,13120,13631,7481,8550,7399,8439,4300,2929,
"2025-10-26",5791,2180,671,2034,25532,26714,18700,25774,18054,5306,19351,14802,14671,10514,11039,7202,7188,6236,8536,3957,1959,
"2025-10-27",6085,2934,677,2371,27791,28759,18110,25333,22459,7031,17520,18935,16679,15314,16821,9120,10938,10064,11922,5711,4401,
"2025-10-28",5663,3088,678,2369,29603,27041,19205,25433,24127,6943,16016,20879,17304,16181,18691,9466,11480,11065,13814,5860,5627,
"2025-10-29",5669,3100,696,2465,28919,27611,20857,26574,24531,7096,14598,20936,17349,15942,20095,9782,13236,12033,14792,6087,5489,
"2025-10-30",6174,3123,756,2494,31210,31642,24926,29426,23924,6301,14518,20087,19104,15190,20360,8935,11884,10799,13515,5331,6631,
"2025-10-31",6597,3070,875,2817,31221,29254,22100,31382,20976,5072,14109,15947,17371,15173,19882,8143,11516,10420,11283,3799,9128,
"2025-11-01",6142,2445,764,2480,24201,28608,19849,26376,19334,3940,17832,14560,15712,12461,12377,7535,9196,6667,8804,3056,8272,
"2025-11-02",5596,2342,639,2235,25470,26479,19775,24660,18486,5014,20785,15599,14578,11448,11014,7497,7818,5986,9219,3836,4727,
"2025-11-03",5899,2979,685,2640,30035,31296,20505,26039,22573,6349,19650,20709,16504,15897,17710,9680,11306,10257,11645,5985,7450,
"2025-11-04",6024,3094,704,2493,29730,33383,20892,26781,26059,22248,24890,22292,17905,16246,18936,10319,11949,10811,13064,6818,7801,
"2025-11-05",5837,3156,799,2498,30694,30454,23507,27814,25574,31285,13250,22660,17539,16093,19452,9982,12240,10703,12901,7141,6285,
"2025-11-06",5704,3162,817,2470,30020,30389,26090,26607,23756,21540,11569,20780,16639,15426,19341,9855,11367,10092,11775,6379,5873,
"2025-11-07",5915,3116,878,2283,33319,30610,24810,29513,23088,16742,11078,18975,16238,15454,18845,9065,11228,9543,10493,5604,6658,
"2025-11-08",5399,2590,793,2079,27402,31411,21976,26693,20855,18884,11524,16880,14195,13764,13273,7708,8624,6891,8269,4777,5590,
"2025-11-09",5206,2419,696,2020,24384,28725,21467,25953,20061,13456,21209,15782,13432,10960,10435,7556,6991,5777,8368,4846,2946,
"2025-11-10",5476,3104,780,2189,33524,32336,21612,25620,22876,12771,13475,20099,15695,16234,17428,9863,10758,9457,10875,6086,3455,
"2025-11-11",5253,3147,773,2186,32472,30967,20854,25547,24164,14473,13204,20502,16318,13648,17698,9031,8997,10111,11895,6241,3677,
"2025-11-12",5558,3124,731,2295,33641,30464,20487,27292,26504,28186,14115,21419,16331,16060,18365,9962,11098,10461,12558,7042,6344,
"2025-11-13",5540,3029,716,2372,29416,34340,23998,24986,24666,22335,15186,20413,16099,16912,18176,10729,11967,10158,12377,7717,6906,
"2025-11-14",5411,2956,715,2315,31833,31197,24837,26301,24050,21113,14670,19857,15729,16512,17783,10434,11513,9788,11987,7469,6560,
"2025-11-15",5170,2496,589,1977,30034,30431,23713,25223,22878,20437,14229,18742,14985,15507,16409,9905,10763,9154,11324,6971,6229,
"2025-11-16",5242,2686,736,2002,32837,28656,27391,23240,20275,14641,25321,15074,13778,11614,9520,8056,6569,4914,8181,5454,6547,
"2025-11-17",5626,3238,868,2218,34836,31205,32479,23967,23885,19416,18251,19010,18550,17223,17260,10756,10478,10408,10241,9202,9418,
"2025-11-18",5635,3295,873,2268,35399,32832,31324,24746,24364,20187,18747,19069,18556,17123,17206,10873,10699,10734,10387,9355,9250,