"Date","Remitly: Send Money & Transfer","Cash App","PayPal - Pay, Send, Save","OnePay – Mobile Banking","Venmo","Chime – Mobile Banking","Capital One Mobile","Propel EBT & SNAP Benefits","Google Wallet","Intuit Credit Karma","Freecash: Earn Money","Progressive","Chase Mobile","Kalshi: Trade the Future","Wells Fargo Mobile®","Tilt: Cash Advance & Credit","Brigit: Cash Advance & Credit","Atlas - Rewards Credit Card","Cleo AI: Cash advance & Credit","SoFi: Bank, Invest & Loans","State Farm®","Annotations"
"2024-11-18",9451,72559,61239,21689,34586,43615,27931,9781,29340,37531,6366,19026,15588,806,10179,11195,7056,5948,4806,5113,10808,
"2024-11-19",9408,73626,59063,18156,34034,44983,29696,10043,29933,39405,6365,21517,15920,758,10434,10686,6938,5847,4782,5394,11569,
"2024-11-20",8957,73843,62215,21899,37308,46235,29441,10181,30265,40484,6357,18124,16514,774,11083,10687,6832,6089,4874,5381,11839,
"2024-11-21",8676,74981,65835,20753,35578,45642,28091,9909,30187,44389,6373,21697,17277,,11545,10644,6395,5992,5184,5061,11872,
"2024-11-22",8477,74297,62185,20683,35294,43462,26130,9528,31960,46026,6958,20057,16920,,11331,11486,6476,5778,5456,4587,10940,
"2024-11-23",8275,66684,56957,18980,32836,37402,23189,8704,31238,42165,7272,17068,14692,,10366,11296,6440,5439,5254,4001,9328,
"2024-11-24",7523,66247,55080,18113,29771,34655,22463,7587,28449,39672,7212,13985,13197,,9671,10665,6274,5345,4867,3997,9037,
"2024-11-25",8096,73723,61876,21198,32875,39309,26452,8477,28863,43957,8747,17712,16212,,11051,11964,7251,6461,5439,4899,10826,
"2024-11-26",8525,74914,61482,21548,33019,40693,27591,9157,28533,43922,9383,17378,17132,,11517,11767,6798,6475,5473,5119,11251,
"2024-11-27",9024,73200,59898,20965,32910,40480,28124,9206,27886,43119,9241,19407,17054,,11744,11837,6512,6399,5581,5338,11175,
"2024-11-28",9972,72886,58577,21785,32125,38297,28325,9075,29217,40649,9378,17432,17770,,11758,12073,5811,6267,5696,5565,9799,
"2024-11-29",9746,72194,57243,22324,32045,36069,26408,8779,29625,39503,9672,15613,16987,,11183,11791,5876,5833,5604,5375,8695,
"2024-11-30",8754,67605,52679,20206,29523,32779,23037,9084,28105,38479,9374,13136,14033,,10474,11215,6080,5251,5216,4815,7832,
"2024-12-01",7076,65805,53049,19000,28885,32115,21720,8733,26164,39398,8670,12903,12688,,9600,10380,6194,5180,4902,4324,7969,
"2024-12-02",7843,81159,60592,21501,34521,38256,24783,10106,27415,48154,9506,15089,14661,,10582,11247,7270,6011,5477,4850,9255,
"2024-12-03",7483,88443,64508,21395,35368,40654,24477,10906,28857,50817,8620,15752,15059,,11076,10169,7217,5968,5520,4973,9961,
"2024-12-04",7576,89087,65093,21655,36138,42453,25742,11351,29437,51578,8811,17691,15853,,11537,10249,7527,6056,5584,5101,10769,
"2024-12-05",7577,90124,66862,22017,37356,43852,25135,10994,29261,53605,7781,18225,15873,,11469,10375,7642,6020,5537,5078,10576,
"2024-12-06",8110,83654,61807,20884,37947,42892,22865,10730,30042,51471,8030,17600,15071,,11405,10866,7862,5912,5537,5093,9893,
"2024-12-07",7555,70958,54428,17468,33079,35884,19368,9751,27339,41681,7908,13216,13422,,9943,10972,7367,5562,5123,4627,8645,
"2024-12-08",6543,68991,54114,15668,30241,32627,20255,9059,25687,37415,7366,11299,12205,,8944,9780,6765,5442,4606,4277,9094,
"2024-12-09",7215,75902,64666,15238,32439,37799,23713,10083,26414,42470,8281,13793,13531,,9893,10722,7513,6361,4819,4845,14601,
"2024-12-10",7461,79148,72341,15980,33579,38597,24048,10459,27114,43785,8888,14645,13208,,10797,10750,7688,6542,4752,5063,20207,
"2024-12-11",7291,84815,73425,17732,34126,39653,24876,10568,28173,44616,8989,15258,13085,,11096,10365,7558,6532,4842,5181,22679,
"2024-12-12",7239,88469,75947,17875,35300,41025,24432,10929,28325,44870,8769,15796,12992,,11010,10089,7509,6590,4918,5265,22088,
"2024-12-13",7472,86242,77014,19433,35804,42122,23936,10383,29874,44723,9275,17979,14135,,11108,10053,7283,6212,5204,4951,20083,
"2024-12-14",7114,74533,66601,19636,31489,37112,19237,8260,27625,37790,9456,12251,13004,,9456,9587,6694,5575,4994,4288,13201,
"2024-12-15",6543,68653,65749,15652,29882,34870,17554,7909,25783,38286,8758,11726,11859,,8851,8810,6297,5296,4776,4001,13972,
"2024-12-16",7486,81238,71432,18417,33429,39079,20805,10204,26573,44573,9048,13745,13177,,10049,9456,7017,5926,5565,4637,18709,
"2024-12-17",7608,86485,72023,18578,34320,34750,22374,11492,26637,46754,9131,15025,13713,,10445,9417,7066,5675,6085,4825,22834,
"2024-12-18",7919,88266,75200,16593,36801,30975,23691,11675,27588,48274,9457,15181,13740,,10498,9500,6452,5458,6702,5023,23768,
"2024-12-19",8450,83465,78882,16823,37613,35093,22814,11083,27716,49227,9620,16926,13652,,10566,9655,6182,5421,7044,5102,30123,
"2024-12-20",9053,64108,66173,16043,31924,33668,20034,10489,23572,36908,10518,18335,13840,,11037,9444,6164,5295,6887,5015,21449,
"2024-12-21",8952,70867,74664,19871,33527,30312,19711,9707,29019,36689,11211,12983,13056,,8821,9127,6212,4892,6208,4593,16533,
"2024-12-22",8769,70040,76226,18179,30899,31757,18840,8301,27107,34564,11783,12408,12618,,8315,8970,6172,4627,6011,4315,13825,
"2024-12-23",9825,78996,88088,21069,35574,39925,22256,8676,29240,38472,14007,13856,14946,,10459,9720,7009,5263,7090,4911,21291,
"2024-12-24",10239,76630,74097,18835,34828,40545,20542,8584,28898,37251,15064,14503,14819,,10847,9663,7140,5528,7301,5278,22372,
"2024-12-25",10327,70446,59598,17936,32870,41221,21447,9490,28751,37428,15619,15327,15416,,11818,9606,7152,5636,7594,5673,21599,
"2024-12-26",10025,77569,55666,16825,35316,47214,23795,9843,28836,41523,15988,16700,16065,,12056,9166,6720,5268,7330,5584,23187,
"2024-12-27",9388,78610,53214,15329,33000,43720,22884,9608,29135,41506,15852,16843,16468,,12013,8803,6364,5151,6849,5345,22706,
"2024-12-28",8533,70555,49864,14357,29813,38084,21265,8103,28347,38316,15451,14519,15500,,11228,8621,6160,5342,6766,5150,17849,
"2024-12-29",7154,68732,51820,13081,28435,35765,19112,7396,26690,38284,14503,13094,13318,,9680,7930,5526,4927,6251,4516,17690,
"2024-12-30",8127,78308,56422,14213,34941,40644,22347,9664,27889,42362,16328,15496,14848,,11050,9387,6262,5587,7117,5042,20493,
"2024-12-31",7735,67355,48685,12130,32228,35479,18702,9406,26636,39514,14276,14268,13752,,10139,9039,5857,5142,6751,4832,17144,
"2025-01-01",7336,62627,49586,11718,29000,35096,19160,8773,23408,37050,14316,13950,12800,,9819,8160,5956,4685,6114,4668,17221,
"2025-01-02",7638,82023,56813,14369,33549,42349,21978,10548,26077,42110,16665,16694,14912,,11467,8967,6907,5171,6366,5470,19673,
"2025-01-03",7043,77060,57529,14123,34658,43601,21552,10974,26632,42287,18226,17317,14636,,11059,8597,7080,5017,5788,5657,20485,
"2025-01-04",6725,68278,49786,12968,30256,39351,20095,10575,24775,38793,19068,14669,13944,,9808,8184,7156,4875,5375,5414,16313,
"2025-01-05",6551,66087,45479,11305,27848,36261,19269,9934,23085,37106,17836,14450,13263,,8747,7621,6761,4744,5098,4948,16263,
"2025-01-06",7010,71203,50072,11348,29584,35701,21498,10740,24157,42378,18065,15565,13844,,9983,8202,7213,5225,5922,5484,17342,
"2025-01-07",6650,68734,51024,11277,30002,35383,22204,11021,24839,43377,18013,16359,14573,,11319,8418,7214,5157,6558,5700,18641,
"2025-01-08",6606,67579,49093,11571,30821,35742,22493,11379,24867,45876,17642,17049,14208,,11572,8454,7288,5039,6696,5694,18465,
"2025-01-09",6622,67539,47367,11018,31080,36717,20429,10995,23709,41889,17574,16645,13689,,10703,8533,7312,4995,6504,5577,16859,
"2025-01-10",6729,67644,45557,10976,31686,37279,19984,10364,23585,39518,18091,17423,13078,,9327,8188,7157,4917,6522,5586,16531,
"2025-01-11",6083,57681,40928,10568,28850,34315,16137,9348,21863,36492,16860,14510,11559,,8167,7043,6504,4668,5912,5198,14164,
"2025-01-12",5472,57133,39252,10048,27237,31060,16326,8828,20539,42571,16256,13834,10810,,7660,6684,6134,4408,5498,4949,13057,
"2025-01-13",6074,68137,43452,11259,29337,33953,20357,9623,21939,48800,21004,14220,12202,,9415,8105,7447,4922,6425,5659,14490,
"2025-01-14",6005,71239,48654,11413,29916,35106,20641,9483,22923,51303,21896,15548,12586,,9934,8611,7872,4898,6616,5587,14864,
"2025-01-15",5982,74417,50706,11393,31486,35962,22306,9430,25025,56578,22303,16732,12643,,10007,8357,7607,4990,6616,5601,16811,
"2025-01-16",5888,77286,51477,11040,33196,36039,21700,9017,25591,59950,21816,16513,12247,,10044,7554,7394,5593,6532,5489,18976,
"2025-01-17",5887,73300,51849,9870,30815,30472,17078,7686,24045,49008,20152,17104,11306,,8900,6853,7087,6335,6257,5088,13963,
"2025-01-18",5479,64130,44338,9610,24565,24908,11519,6733,19332,34103,18410,13109,9818,,6622,6039,6392,5994,5374,4468,9889,
"2025-01-19",5014,63149,38798,9297,21819,23830,9771,6128,16390,31864,16519,11216,8262,,5569,5437,5674,5425,4790,4091,9152,
"2025-01-20",5633,69859,41892,10271,25531,26321,12067,5839,16631,34552,20576,13410,9209,,7088,6353,7017,6282,5932,4417,11325,
"2025-01-21",5195,68301,45616,10283,24852,26870,12717,6179,22267,36577,20801,13198,9469,,7838,6409,7047,5999,6012,4783,14320,
"2025-01-22",4992,70784,48351,10366,27628,27522,14085,6986,22600,39553,21297,13053,9821,,8402,6290,6582,5368,5622,5241,14251,
"2025-01-23",6103,73940,49985,11384,30630,29053,16285,7593,22341,43192,21012,17448,11035,,9455,6431,6187,4698,5703,5555,12954,
"2025-01-24",7563,81878,52800,11872,31640,30503,15608,7700,22961,48911,21569,17855,11604,,9537,6827,6119,4890,6121,5502,14894,
"2025-01-25",6746,76672,47678,11810,29198,28831,15679,7797,21253,47243,19249,15587,10975,,8039,6555,5680,4858,5886,5127,11977,
"2025-01-26",5712,74360,44188,11139,27398,29383,14311,7859,25229,42974,17479,14346,9592,,8097,6290,5111,4595,5242,4773,11550,
"2025-01-27",6593,83158,43393,10154,27223,30391,14247,6259,19619,47146,20060,15450,9751,,9176,7068,6200,5375,4981,4974,12979,
"2025-01-28",6139,74906,44428,11065,28128,28334,15059,6381,16707,47531,16432,13835,11089,,8766,6509,5519,5250,5022,5085,15343,
"2025-01-29",6365,84103,50117,13767,30772,29359,18240,7385,18918,50385,15191,17006,12826,,8975,6356,5332,5520,5486,5680,14425,
"2025-01-30",6490,90958,49888,15458,32660,32725,18073,8288,20115,48433,16397,17501,12114,,11213,6986,5773,6172,5498,5742,15669,
"2025-01-31",7232,86979,53510,14971,34779,32586,16933,8710,27747,49415,19875,16148,12022,,11748,7284,6274,4900,5457,5535,17676,
"2025-02-01",6994,75805,48324,15085,32491,26423,16572,7782,24285,49591,15351,16828,9046,,9895,6461,6006,4090,5070,5007,13609,
"2025-02-02",6514,67755,44460,12297,29477,28000,16983,7883,22026,48774,14580,15765,9693,,7523,5864,5731,3991,4850,5001,11928,
"2025-02-03",7509,82739,52867,14278,34199,29907,18901,9167,22899,55503,13472,18360,12840,,8925,6897,6810,5252,5542,5725,13878,
"2025-02-04",7369,87515,51926,14412,35149,30545,21775,9576,25165,55962,10731,16876,14872,,9301,6407,6720,5493,5537,5647,13956,
"2025-02-05",7221,81417,50969,13792,34519,30306,21212,9073,26663,55706,11452,18008,14593,,10243,6258,6507,5608,5393,5542,15353,
"2025-02-06",7769,87011,48628,14546,36294,31054,19491,8689,20007,63968,14319,20265,15160,,11243,6539,6919,6248,5556,5463,20701,
"2025-02-07",7836,76106,51744,15819,37909,30505,19398,8965,25815,59568,13008,22583,14544,,10718,5994,7356,6572,5975,5312,16845,
"2025-02-08",7423,66265,44350,16204,34316,28172,18162,8815,24442,56153,13657,17118,11608,,9164,5326,7154,5335,5897,5033,11505,
"2025-02-09",7241,62011,39505,14052,30856,26893,16986,8446,21414,46255,13747,15970,10705,,7944,5056,6562,4195,5729,4772,10039,
"2025-02-10",6803,63083,42622,9971,31610,25553,17725,7949,21097,47640,11380,17158,10692,,8078,4854,6236,3653,5643,4886,11952,
"2025-02-11",7582,71290,47333,12116,35413,40559,25645,8985,24912,56167,11632,20789,13349,,9839,5452,7196,4701,6399,5884,14799,
"2025-02-12",7426,69592,49024,12900,36270,41885,25049,8924,24672,56563,11108,19817,14150,,10754,6069,7266,5266,6621,6101,14517,
"2025-02-13",7944,76617,47502,12361,38284,46560,27378,8166,24023,60542,12260,22294,12822,,12134,6286,7435,5574,6931,5672,15290,
"2025-02-14",8016,72616,50838,12482,38909,45253,24086,8764,28371,55299,11307,22011,14125,,10156,5778,7477,5203,6986,5682,16540,
"2025-02-15",7545,69776,45234,11473,32828,38188,18910,7622,24551,45574,11507,15569,10122,,9516,5062,6914,4898,6751,5564,15469,
"2025-02-16",7884,64693,38687,11497,32762,32493,16488,6679,21157,47039,12166,16176,9208,,7873,5151,6702,5600,6720,5284,13088,
"2025-02-17",8315,75215,42749,13305,35370,38110,19812,7260,19783,50681,12031,23194,10739,,8974,6242,7047,7209,7882,5620,14187,
"2025-02-18",7245,76412,42381,13174,34707,39680,23907,7627,19654,51460,11338,17999,11849,,9266,6040,7298,7357,6507,5864,14101,
"2025-02-19",6756,71068,45296,12629,33057,39378,24373,7826,23789,47536,11245,21176,12870,,10016,5873,7289,7077,6161,6265,16387,
"2025-02-20",7198,75957,49880,11796,32166,42551,24376,6707,23418,44908,11823,20300,14121,,11576,5908,7682,7407,4837,6359,14914,
"2025-02-21",8187,76733,49252,12710,34462,41718,24840,6754,24814,56654,11869,23827,15562,,10427,5985,7509,6953,4761,6235,16787,
"2025-02-22",8303,67543,45448,13112,32146,37428,22146,6792,23472,52708,11865,18526,11753,,9137,5769,6795,6420,4540,5532,12416,
"2025-02-23",7572,73463,35771,11021,30741,35434,22507,6477,19652,49186,11639,16730,9614,,9100,5586,6515,6179,4883,5417,12907,
"2025-02-24",7544,81642,47695,12528,34447,40769,28082,7946,20691,50229,12074,20739,12122,,11093,6292,7043,6958,5339,7024,14550,
"2025-02-25",7628,82249,50248,13218,34806,42375,28385,9066,26460,49819,12227,20202,13662,,11959,6657,7072,7085,5175,7345,15872,
"2025-02-26",7652,80374,46778,12856,35340,39102,24671,8628,25881,53748,11370,25449,13483,,11400,5620,6470,7057,4885,7030,14856,
"2025-02-27",8269,82589,45763,13039,35032,40476,27592,8640,21185,48692,11613,22259,14521,,12818,5784,6990,7045,5642,7421,16426,
"2025-02-28",8428,87466,47391,13634,39989,44753,30287,8787,26753,43230,12034,26733,18546,,12996,6192,7777,7357,6060,7708,20757,
"2025-03-01",8121,71802,41937,12185,30620,38890,28875,8213,26826,44089,12479,22290,13055,,12506,6097,7229,6507,5843,7138,16372,
"2025-03-02",7119,65618,40831,11918,30942,31210,28755,7495,21020,44108,11857,22394,14261,,10957,4648,6185,4571,5647,6344,18100,
"2025-03-03",8386,89821,46578,14731,34718,39028,31143,8851,25102,48434,13449,25938,15585,,13887,4569,6771,4549,5273,6858,16678,
"2025-03-04",8150,79691,47312,14966,33454,35820,30112,9333,26173,48825,10384,20793,15319,,13310,4672,6550,4315,5192,7110,16770,
"2025-03-05",7988,83460,46330,14570,33806,40068,33115,9412,22345,51701,9994,25270,15315,,13190,4890,6585,4301,5502,7847,16697,
"2025-03-06",7986,83695,50753,14230,35260,39713,35200,9279,26998,53386,10408,28024,15860,,13005,4983,6494,4392,5848,7989,19389,
"2025-03-07",8754,79428,48148,15277,37061,42063,35449,9330,30769,47945,10943,27001,17685,,14752,5046,6672,4388,5702,7658,19134,
"2025-03-08",8107,79070,42877,16295,34462,39311,31889,8265,27948,44780,9790,23212,18003,,13142,4610,6167,3984,4941,6691,15645,
"2025-03-09",7425,72845,40943,13253,31042,33943,29010,7959,26238,40993,7169,20807,17305,,11511,4292,5681,3983,4844,6482,14897,
"2025-03-10",7937,82500,47809,14247,37136,39926,33954,9150,29840,47072,5881,25972,16620,,12815,4769,6658,4921,5561,7519,16666,
"2025-03-11",7764,88923,45643,14627,34496,40493,34659,9144,25001,51587,5637,27075,15303,,13204,4534,6385,4758,5499,7375,16009,
"2025-03-12",7649,86616,48092,15448,36478,38639,34507,9192,31014,51228,5759,27072,15359,,12992,4437,6234,4588,5461,7249,15880,
"2025-03-13",8162,89208,50899,15311,37250,44558,34350,8872,31647,47715,6130,28446,17140,,13993,5051,6494,4884,5664,7466,20797,
"2025-03-14",8179,79540,51733,15688,37313,40630,34536,8161,33371,47892,5852,27044,21379,,13685,5042,6383,5061,5448,7919,22273,
"2025-03-15",7651,74138,50347,14578,34329,36350,29370,6869,31525,48488,5404,24397,16793,,12366,4710,6410,5299,4847,6559,18006,
"2025-03-16",7214,72790,47913,14040,31631,34398,28493,5861,29337,42494,5209,20442,15837,,10756,4455,6384,5342,4661,5980,17217,
"2025-03-17",7817,84749,57859,16019,37252,41217,31558,5689,31868,47537,6031,24757,18280,990,13472,5300,7860,6304,5620,7121,18334,
"2025-03-18",7065,90358,57932,15311,38565,41545,34412,5988,32899,49713,5931,26503,18661,1067,13388,5213,7044,5844,5590,7341,17067,
"2025-03-19",6741,90571,58014,15173,38113,40843,35134,6540,32731,50206,5718,26944,18232,1074,13047,4998,6603,5665,5435,7471,16664,
"2025-03-20",7106,86080,58385,13937,39610,42210,34669,6451,31988,54528,5682,29996,19926,1009,13360,5171,6507,5237,5655,7844,20483,
"2025-03-21",7938,86192,56000,14845,40285,43446,32678,6584,30981,49705,5645,25501,20707,945,13901,5565,6996,5358,5935,8867,19407,
"2025-03-22",8402,74020,49719,13249,34118,36831,28197,5471,29122,46969,4996,23894,17397,847,13719,5517,6757,5121,5497,8099,12192,
"2025-03-23",8172,67660,42353,11365,31036,33147,26380,4686,27384,36393,4687,20357,15100,858,11721,5383,6514,4993,5189,7100,13743,
"2025-03-24",7055,75791,51802,12690,38233,38979,31236,5160,29097,41919,5128,23210,15842,989,12087,5499,6288,4980,5875,8092,17193,
"2025-03-25",6222,79393,55839,13142,37380,40131,32353,5418,29738,44977,5823,25532,16196,983,11976,6085,5802,4867,5338,8474,16197,
"2025-03-26",6692,80461,56051,13370,36096,40398,32668,5498,30054,43467,7386,25221,14623,938,12924,5987,5752,5135,5154,9296,15782,
"2025-03-27",7371,84610,57359,13331,36987,41893,32292,5756,31432,44324,8395,26935,13908,910,13966,5955,5948,5327,5270,10341,14510,
"2025-03-28",7135,86982,58027,13034,38836,43481,34519,5795,32482,46468,7938,28266,14301,885,13454,5652,5853,5147,5278,10689,15641,
"2025-03-29",7466,73931,51655,13376,33732,37546,28219,5112,28901,37816,8923,20762,16770,811,11221,5871,5797,4428,5298,10540,13495,
"2025-03-30",8117,76535,50808,12523,30802,36743,26325,4919,24237,32747,9219,17374,14778,862,10675,6143,5246,4016,5118,9195,13767,
"2025-03-31",10130,83683,49510,13862,38593,42196,30526,6934,24394,36838,10567,21899,17077,1152,13817,7181,6045,4621,6114,10277,16815,
"2025-04-01",10290,85242,53154,14273,37557,42684,30453,8126,26473,43030,9938,24110,17297,1282,14236,6169,5502,4450,5761,9489,15995,
"2025-04-02",9925,84294,53009,13621,38951,45522,31708,7997,28298,46312,9316,24749,17877,1254,14365,5155,6376,4497,5553,9051,14765,
"2025-04-03",9456,92006,53224,14336,41907,44069,32760,8286,28156,45908,8723,24954,16833,1259,13573,4902,6876,4599,5281,8806,17255,
"2025-04-04",9158,89470,53821,14557,42726,48437,34401,8423,29560,47208,8838,25574,17071,1318,12165,4965,6722,4567,4799,8038,14874,
"2025-04-05",9191,71714,46036,13202,35570,43669,27631,7052,25399,41221,9549,18058,18601,1264,9010,4816,6465,4727,4449,7132,10930,
"2025-04-06",8632,69255,44858,12309,33059,39042,25573,6417,23009,37676,8493,16079,14146,1244,8755,4706,6306,4810,4155,6517,11118,
"2025-04-07",9246,84509,51995,13427,37874,47720,32267,7959,26590,45333,8703,23309,16575,1364,11613,5036,8433,5377,4547,7525,15677,
"2025-04-08",8979,84458,52347,14142,36619,47921,31017,8123,25639,43730,9382,20393,15094,1380,11714,4789,9195,5173,4593,7652,14990,
"2025-04-09",8571,90313,56110,13802,37715,51836,31997,8016,25427,43945,10040,23017,16663,1595,12430,4527,8437,5167,4623,7582,13930,
"2025-04-10",8914,90103,51272,12258,39498,52295,30409,8915,25483,41993,10244,21664,19688,2098,13077,4487,7553,5242,4923,7544,14712,
"2025-04-11",9506,91131,51235,11525,39103,46854,28881,8649,27343,42147,10936,21823,19859,2311,11312,4742,7658,5062,5069,7540,14524,
"2025-04-12",7943,79107,45654,9609,35573,39201,25363,6723,25215,41545,9866,17100,15662,2022,8620,4053,7326,4361,4258,6101,11653,
"2025-04-13",6774,72930,41792,9563,31090,35011,23964,5614,22609,48789,10732,15908,16845,1906,7940,4133,7166,4209,3921,5771,10502,
"2025-04-14",6940,91949,47278,9523,35404,48935,30561,6292,26141,71620,12347,20337,20457,2026,10002,4920,7932,4613,4355,6877,13042,
"2025-04-15",6655,86875,50559,10405,35202,46856,30581,6352,26644,67745,13713,18750,17668,1852,11477,5092,8151,4573,4521,7001,14433,
"2025-04-16",7161,86775,54723,12675,36191,46905,30312,7312,27898,53847,11857,22512,20569,1718,12205,5419,9006,4845,4908,7695,15834,
"2025-04-17",7329,86639,54749,12650,35790,47959,30491,7946,28058,51078,11239,22993,21418,1748,11781,5367,9174,4836,4992,7908,14753,
"2025-04-18",7194,85076,53919,12300,36015,47937,30510,7596,28664,51432,11474,23235,22031,1767,11342,5194,8840,4699,4825,7714,14562,
"2025-04-19",7749,67622,41825,11494,34697,37891,23997,4916,25521,30207,10940,19515,20274,1401,9105,4537,7709,4141,4833,6368,11592,
"2025-04-20",7938,64542,40546,11310,30841,37890,22698,4547,23019,30892,12097,17334,15126,1243,8705,4841,7587,4017,4562,6012,10608,
"2025-04-21",8149,74955,44615,12607,32965,39393,26670,5931,25030,36263,16905,19801,18666,1420,10613,6365,8910,4836,4998,8318,13431,
"2025-04-22",6781,74618,42562,12479,32786,38305,27499,7191,25409,39683,16666,20231,19574,1518,11469,6176,7861,4870,4776,8357,14307,
"2025-04-23",5728,77289,44484,10930,35376,40908,28973,7550,25000,41430,17113,21338,19734,1693,11898,6124,7540,4817,4994,8126,12526,
"2025-04-24",6505,83801,46923,12873,37919,48135,29242,6911,27109,35651,20828,22553,19389,1906,11941,6257,8505,4464,5185,8159,14242,
"2025-04-25",7849,80949,47570,14652,39918,45129,29591,6617,28805,36028,18953,22493,19810,2104,13317,6721,9464,4304,5097,8098,14667,
"2025-04-26",7286,74035,43944,13609,35752,40014,25438,6180,26650,28521,18967,18869,18149,1946,11161,6352,8720,3804,4481,6616,12183,
"2025-04-27",7416,71268,45752,12017,34560,38025,23227,6240,23229,24036,19256,16469,14868,1919,10822,6430,8839,3838,4482,6312,12464,
"2025-04-28",9768,81481,50532,14403,37790,46952,28606,8019,26571,36909,22016,22332,19322,1850,13307,7329,10012,4248,5439,9159,15705,
"2025-04-29",8986,81335,53085,14390,42536,47901,30704,9451,28993,38804,24007,25433,18502,1687,14695,7081,10168,4071,5537,9728,14263,
"2025-04-30",7975,79743,54557,16321,41922,48590,30317,11254,29099,37159,21998,25169,20511,1590,13247,7858,11098,3701,5248,8568,13042,
"2025-05-01",7563,84828,47674,13492,41614,47964,28508,12250,27222,36259,22246,22587,20823,1601,13070,6532,11849,3162,4942,8853,13228,
"2025-05-02",8894,80554,47806,13914,41319,45555,27807,13151,27452,32986,20927,21551,22550,1234,14781,6099,10377,3235,4979,8393,16050,
"2025-05-03",9290,74273,42784,16690,36120,41341,24456,11822,24105,28300,18571,17619,18136,932,12691,5893,8944,3430,4581,7978,13743,
"2025-05-04",9440,72509,38575,14447,31230,40477,22507,10782,23177,27989,18409,16784,14574,851,12134,6070,9457,3652,4232,8304,12813,
"2025-05-05",11443,81446,45156,17102,36843,42832,28396,12910,26327,38343,21584,21660,18119,1064,14794,7047,11186,4812,5065,9825,16053,
"2025-05-06",9943,81099,47903,18402,39940,47640,30648,14015,28430,40712,21289,22006,18242,1045,15430,7127,11863,5298,5435,10346,18447,
"2025-05-07",10083,84309,49371,15443,39476,46612,28706,12888,26024,34551,21357,24737,19508,970,13652,7543,10647,5289,5131,8805,16346,
"2025-05-08",11147,81879,47767,15699,40004,47330,29226,12928,26869,35519,19811,23580,19602,949,15955,7490,11123,5062,5267,8959,16469,
"2025-05-09",11473,83795,49551,19120,43227,52468,27267,13554,29528,35053,20272,24723,21928,908,15112,7148,12017,5000,4813,9178,18587,
"2025-05-10",11341,72075,43410,14983,36625,42350,23125,12215,25607,27484,17568,22234,19006,767,11899,5967,11334,4147,4127,7386,11372,
"2025-05-11",9531,74549,42352,15503,36118,40862,21986,8948,21785,27825,18136,17175,14796,736,12364,5815,10630,4038,4485,5956,11957,
"2025-05-12",9587,82074,51179,18416,40407,45287,27174,9861,25022,33080,21105,21399,19382,897,15357,7169,11494,5195,5472,7240,15622,
"2025-05-13",8154,78699,51609,16673,38374,47572,28841,10979,25343,36955,19009,20690,17573,927,14433,6169,10342,5952,4901,9542,15536,
"2025-05-14",7932,85207,51100,14896,36085,48387,27702,10332,27551,34765,18470,25014,19539,860,13318,5367,8769,6671,4347,7759,13794,
"2025-05-15",9424,87584,54293,15515,40506,47753,28422,9604,26714,32979,19186,25268,19485,,15555,5860,8326,7267,4862,6956,15285,
"2025-05-16",10890,80044,50756,16135,42251,47519,28778,7986,27804,32521,21344,22599,22540,,13770,7180,10352,6635,5092,7748,18090,
"2025-05-17",8941,74619,43992,14890,35071,41137,24091,7569,25110,27490,17846,17085,16963,,13989,7858,10633,5199,5005,6668,12412,
"2025-05-18",6341,75027,41268,14273,31656,36557,22270,8322,24320,25721,17434,16372,16231,,13901,7405,8158,4480,4976,6286,10673,
"2025-05-19",6896,91069,50667,16594,42362,44481,27177,11388,26942,32654,21250,23626,18500,,15468,7622,8136,5434,5953,8767,12792,
"2025-05-20",7059,95399,51716,15657,43599,45755,29925,11719,25969,33617,21162,22330,16297,,14345,6948,7386,5549,5993,9558,13610,
"2025-05-21",7820,102406,51812,13720,42104,47904,27270,10760,26432,33528,20616,23447,20244,,14945,7592,7587,6013,5671,9159,13726,
"2025-05-22",8323,95450,53479,12602,40433,47179,28140,10921,22647,33427,20014,23006,15778,,14723,7734,7351,6147,5468,8844,13793,
"2025-05-23",9467,97909,51455,14901,40071,48694,26856,10783,27427,33793,19259,24643,17996,,14748,7658,7764,5532,5406,9042,14019,
"2025-05-24",7969,73816,44481,14580,36409,38030,22795,9272,26475,27230,17835,20062,15211,,10001,6373,8006,4383,5073,5993,13900,
"2025-05-25",7506,64905,40403,15684,28261,32514,20569,8631,23919,23795,16666,15562,14739,,6312,6516,9166,4318,5995,5247,9699,
"2025-05-26",7398,74458,46194,17864,32452,40652,25215,10421,24333,28241,20776,19638,17781,,8433,8663,10553,5036,7715,7209,14288,
"2025-05-27",7052,75504,49680,18660,34977,39083,25342,10681,24152,29771,18006,18632,19379,,11201,8748,8564,4978,5815,8766,17508,
"2025-05-28",6880,79470,49672,14995,35178,40990,25657,10907,24296,29002,18231,22214,16585,,12269,8206,8370,4792,5467,9277,17428,
"2025-05-29",7283,80730,48781,15854,38253,42990,27316,12024,25914,29820,17332,23746,17654,,14223,8540,9543,4655,6319,10097,18440,
"2025-05-30",7251,80391,49685,14233,39196,43416,26684,10973,26187,29418,19957,22832,16535,,13385,8434,8870,4118,5906,9601,17255,
"2025-05-31",7274,70021,41191,16254,33143,37628,24498,11256,20773,24222,16206,20188,14023,,11849,7210,7489,3279,5433,9089,11891,
"2025-06-01",7626,70554,42284,14636,31057,36274,22693,11799,22914,24291,16337,18350,17412,,10344,7181,7546,3533,5361,8122,12833,
"2025-06-02",8437,84746,51976,14280,36788,44290,25807,13931,26219,28867,18100,21016,15344,,11968,8804,9545,4659,5897,8958,15792,
"2025-06-03",7524,84158,54418,18865,40135,43876,26625,14973,26970,30452,18557,21899,15384,,12744,8703,9546,4836,5604,9457,13760,
"2025-06-04",6741,82796,51224,17917,36046,44137,28129,14439,25842,30106,16949,19380,15704,,12678,8801,8364,4836,5823,9809,12708,
"2025-06-05",6963,92675,48297,15714,37496,46633,29611,14692,24374,29974,15653,20825,16146,,14667,9371,8706,4887,6394,10260,14050,
"2025-06-06",8398,85225,52000,17958,40498,45382,28095,14915,26441,28687,16000,22342,19988,,15112,9292,9743,5045,6866,10496,13849,
"2025-06-07",7786,76351,46006,17129,36172,40776,24673,13359,26448,24444,18285,18758,17652,,12486,7647,8596,4287,6497,9198,10927,
"2025-06-08",7218,70892,43238,15862,32970,36127,22659,12988,23619,23359,15833,17502,17609,,11060,7191,8185,4083,6055,8360,10286,
"2025-06-09",7635,84750,51384,13656,35922,44170,26753,15603,25495,28840,16841,20185,21017,,13329,8431,9297,5150,7221,10055,12328,
"2025-06-10",7583,84203,51396,12773,36863,44090,28270,16558,24950,28513,19053,21793,18888,,14379,8405,9926,5555,7763,10168,13149,
"2025-06-11",6449,82051,50874,15016,37091,42267,27242,16298,24975,30283,18288,22789,16612,,13690,8810,9832,6204,6891,10248,13149,
"2025-06-12",7189,73394,52137,14891,38359,44627,25249,15203,25081,29099,20545,22975,17845,,15558,8596,9989,6197,7222,10372,12589,
"2025-06-13",8805,77317,46208,15683,36957,41737,24118,12600,24514,26412,19572,24534,21081,,15638,8114,11575,7368,7901,9386,12825,
"2025-06-14",8647,64209,41737,15567,33021,36940,22203,10280,23880,23881,18079,18477,18118,,13650,7004,11211,7654,7283,8451,12301,
"2025-06-15",7135,64746,37435,14149,29831,37242,23594,8352,23111,22782,18423,17700,18043,,13485,6088,10883,8166,6724,9073,10262,
"2025-06-16",7358,76377,49763,14862,37181,42490,26878,8331,23507,28243,21285,20530,20911,,15950,6941,10450,10229,8035,10226,12614,
"2025-06-17",7811,76526,50021,15701,38497,43730,28530,10171,25550,29934,20969,22546,17674,,15494,6942,10058,8940,9480,9348,15083,
"2025-06-18",8300,75035,50657,16547,39926,44354,28963,12556,25869,30466,21936,22842,20283,,14821,7558,10180,7823,11021,9962,15900,
"2025-06-19",8608,74833,51258,16078,40628,46993,28536,13022,26706,30423,19653,22858,19897,,15555,7844,11520,7633,12367,11337,16742,
"2025-06-20",8992,73866,52287,15771,40944,49036,28320,11770,27325,29577,18217,21260,20788,,13188,7487,12260,7032,12023,12311,15330,
"2025-06-21",8240,64311,45436,15208,35797,42838,24760,11151,25976,26408,16834,18134,18524,,11067,6994,12089,6014,11522,10806,12845,
"2025-06-22",7175,58427,43883,14393,32642,39361,22376,10372,25493,24476,14171,15680,17184,,10896,6295,11914,4844,11715,9062,11280,
"2025-06-23",7880,76883,50373,16047,35959,41565,25815,10145,27206,26971,15748,16844,15359,,13469,7732,12063,4836,13002,10138,14728,
"2025-06-24",7254,75163,51571,15483,36051,41385,26742,9657,28349,28841,15066,17914,14409,994,14917,7851,10933,4466,12268,11124,16151,
"2025-06-25",6063,79559,45631,14946,36372,43232,27786,8708,25620,29135,15252,18506,14553,1084,15983,8081,10882,4298,10378,11683,15500,
"2025-06-26",6613,75729,53532,15602,38108,43296,26730,9896,25026,28348,15450,21738,15626,1143,16423,8723,10690,4160,11454,11265,15273,
"2025-06-27",7481,78331,51633,17250,38284,47667,26679,11344,26553,29440,16586,23890,19095,1097,16283,9327,10458,4217,12532,10188,15077,
"2025-06-28",7064,64610,46279,16366,35291,40178,23712,9191,27717,23137,20478,18719,16741,933,13110,8491,10598,4134,12872,9385,12192,
"2025-06-29",6674,62845,45532,14568,34065,38396,22741,7856,24264,23702,17284,16932,16582,817,11369,7124,10032,3850,12616,9008,10950,
"2025-06-30",7420,87860,49757,16873,39728,50102,27791,10965,25741,29445,21105,23057,17160,953,13319,8448,9461,4564,12792,10355,14307,
"2025-07-01",7981,88266,53754,17711,44222,51454,28290,12893,26724,29863,21391,24633,16839,958,14459,9041,10057,4946,13063,9807,15452,
"2025-07-02",8125,81567,55723,15500,40634,54045,27421,11901,27054,28745,22294,22913,17361,1024,15700,9795,12371,4774,11442,8670,15577,
"2025-07-03",8349,87450,53835,14643,41594,50046,24741,9615,24628,28975,19198,23902,22524,1019,16257,10432,12739,4898,11083,7407,15535,
"2025-07-04",9511,76371,48788,15369,40895,41428,22415,10803,28469,29486,24624,22905,18054,1000,9944,9682,10075,4770,12693,8350,9000,
"2025-07-05",9332,76123,41475,15100,34542,38587,22258,11842,25325,24736,18672,18776,17759,827,7946,9407,9596,4846,14068,8507,6722,
"2025-07-06",7749,66903,43302,15347,31591,34476,22286,10764,23412,22386,17910,20080,18401,804,8663,8786,9729,4946,12934,6928,6840,
"2025-07-07",7868,80654,54819,18225,37982,44731,27888,13587,25783,27312,21537,17758,20505,856,12714,10151,11374,6144,14441,8383,11046,
"2025-07-08",7991,74956,55178,19649,38022,44371,28367,14671,25944,26665,19591,19516,17680,871,13584,9883,11640,6665,15005,9223,13305,
"2025-07-09",7604,78607,52652,19841,37938,43460,27474,14915,25761,26908,20028,22622,16554,879,13671,9308,10349,6720,12835,9008,13297,
"2025-07-10",7349,83856,47798,15819,37381,43558,26466,12976,24204,25842,19743,22357,17697,837,13694,9304,9854,6367,11376,8498,12502,
"2025-07-11",7708,80600,46354,14828,38812,42160,26644,12259,25725,25003,17317,21291,17123,782,12361,9275,10261,6195,12122,8409,10545,
"2025-07-12",7032,74564,42121,15112,34517,38507,22152,7904,21130,23378,15108,19261,15669,671,10368,8921,10300,6022,12341,7586,8887,
"2025-07-13",5834,69112,38429,15610,30750,34874,20110,8018,20229,22234,16958,16835,14556,643,8987,7773,9473,6261,11316,6237,8207,
"2025-07-14",6071,77821,48605,16835,37242,43458,26119,11615,25654,27126,18616,20103,15792,,9911,8573,9466,7195,12114,7067,11126,
"2025-07-15",5999,82363,49120,16497,36666,42346,28330,10144,24840,26033,17201,19034,16581,,10640,8703,9842,7351,11882,7311,13128,
"2025-07-16",5733,75213,48720,15660,37504,42200,28717,9326,24531,26636,16532,18508,15994,,11801,8136,9965,5672,11963,7489,16760,
"2025-07-17",5769,79797,50329,15456,40003,44897,30868,8819,25113,27331,16472,23068,16796,,12180,8187,9574,4802,11625,8587,14848,
"2025-07-18",5682,73250,52562,14944,39861,49923,29943,8157,26343,26846,19726,20395,17991,,10798,8489,9378,4156,11142,7170,13328,
"2025-07-19",5081,70700,44220,13789,39385,40268,25165,8842,24069,24539,19319,16210,15456,,6866,7493,8366,3854,9453,5456,8747,
"2025-07-20",4918,65137,42043,12763,34092,38205,23439,7757,21806,23184,18373,17453,15665,,6676,7890,9043,3753,8699,5082,12476,
"2025-07-21",5503,79758,51161,16434,38563,43445,27446,8093,23102,26220,20502,20258,17655,,9623,9451,11212,4306,10442,6139,16259,
"2025-07-22",5939,83490,52188,18494,40017,45349,27993,8748,23310,27516,22327,21405,16752,,10872,9870,11851,4644,11584,6854,17490,
"2025-07-23",5968,80421,50107,16768,38983,45017,27826,9068,24033,26473,22378,20484,17465,,10849,9633,11848,4646,11728,6793,17457,
"2025-07-24",5937,82554,52759,16758,40613,47546,29275,9259,24513,27890,19701,21006,19783,,10706,9724,11700,4605,11651,6781,16869,
"2025-07-25",5783,81637,52155,16172,41606,48159,29136,8695,25182,28163,20095,21544,19246,,10605,9695,11673,4605,11310,6598,15605,
"2025-07-26",5027,70418,45988,14134,37057,42458,25436,7697,23904,24522,18447,18242,16440,,9181,8208,10058,4047,9800,5703,13389,
"2025-07-27",4762,68466,43267,13387,33434,38954,23871,7133,21806,22728,19460,17237,15157,,8443,7868,9406,3817,9045,5428,13068,
"2025-07-28",5528,82650,52283,15630,40648,49489,28259,8252,23813,27392,24060,18848,17334,,9720,9231,11046,4385,10513,6172,15339,
"2025-07-29",5458,84077,52020,15603,41043,45675,27499,8371,22872,27024,24553,16562,14989,,9384,9096,10980,4311,10314,6082,13438,
"2025-07-30",5604,81618,51253,16194,39437,45821,27752,8344,23099,27163,25132,20455,15968,,9957,9602,11580,4414,10683,6287,14547,
"2025-07-31",5590,85330,52531,16799,40845,47135,28620,8447,23723,27448,25807,20631,19081,,10148,9505,11651,4442,10849,6288,14489,
"2025-08-01",5827,85588,52869,17592,42247,48500,29077,8914,24528,27969,26309,21498,19935,,10708,10046,12290,4631,11469,6598,15179,
"2025-08-02",5111,72010,45298,15265,35667,41137,24689,7677,22716,23806,22456,18307,17056,,9186,8626,10567,4044,9824,5735,13127,
"2025-08-03",4921,72780,45431,15042,34900,40303,24569,7422,21935,23645,22069,17714,16485,,8869,8326,10207,3918,9494,5528,12868,
"2025-08-04",5516,85586,53196,16704,40859,47545,28544,8294,23314,27227,24804,19929,18474,,10003,9374,11430,4384,10695,6202,14299,
"2025-08-05",5816,83546,49722,15991,40206,47360,28409,11507,23608,27284,25744,20159,18664,,10036,9420,11452,4624,10702,6569,14282,
"2025-08-06",5372,82611,47541,12379,36227,45576,27951,15921,22960,26708,21558,22218,17762,,10302,7293,11440,5457,9326,7197,12355,
"2025-08-07",5524,78355,49068,11958,36445,46507,28384,17157,25623,26866,18941,23075,19097,,13542,7582,11971,5807,9989,7538,15166,
"2025-08-08",5902,78012,49683,13561,38064,44415,28810,15933,24901,26938,21339,21602,18250,,13613,9746,12527,5412,11148,7162,15259,
"2025-08-09",5293,68191,42289,12921,37876,35381,24680,13619,22640,23250,20169,18324,17204,,10016,10032,11631,4756,9979,6079,12141,
"2025-08-10",4670,63814,44836,11787,31189,32729,22563,13700,20141,20979,17449,16528,14582,,8460,10053,11251,4615,9045,5288,10365,
"2025-08-11",5404,72467,52443,13896,36909,41866,29453,17808,23281,27529,23568,22168,17957,,12518,11611,13167,6010,10806,6829,14559,
"2025-08-12",5229,70819,50898,13209,37810,42629,29536,16917,23839,27908,23077,23570,18366,,13365,10449,12557,6218,10892,7124,12927,
"2025-08-13",5257,71523,50228,13958,37451,42372,29294,15795,23434,27713,22602,23988,18547,,14083,10313,12706,6242,10106,7566,12161,
"2025-08-14",5549,81260,53126,14603,38921,43669,29707,16331,24436,28115,23638,24362,19024,,11480,10513,12347,6179,9305,7757,11695,
"2025-08-15",6285,76803,52058,17898,40159,44271,29025,18304,24380,26807,23511,23623,18958,,14724,10622,12966,6906,9949,6681,14532,
"2025-08-16",5993,62534,44083,16620,34154,37618,23788,17164,21185,22252,21203,17015,16894,,11621,9628,12004,6609,10137,5427,7975,
"2025-08-17",5528,58972,42297,15860,30635,34811,22174,14729,20121,20652,20916,16544,15400,,10514,8872,11682,5039,9912,5198,7322,
"2025-08-18",5832,69964,47002,18097,39420,42531,27698,18171,23618,25103,25795,20504,21031,,13437,9560,12911,4899,10907,7037,12373,
"2025-08-19",5652,71866,45566,17836,40262,40104,28408,16322,23303,26074,23013,19719,16371,,14261,11151,11677,4927,10327,7425,13816,
"2025-08-20",5768,77030,45958,15157,36867,40618,27310,17292,22715,26195,23235,22796,16853,,12337,10784,11307,5195,10156,7451,13594,
"2025-08-21",5753,74784,46540,15126,37901,40509,27261,14817,23537,27493,25455,22802,16907,,13927,9774,11118,4704,10108,7230,13223,
"2025-08-22",5842,78394,45600,14870,39732,42311,26795,11003,24567,27031,25293,21631,16980,,13588,9738,11879,4775,10685,6675,12549,
"2025-08-23",5657,69121,39179,17013,33528,35333,22418,6368,23113,22945,23043,16080,15853,,10340,9799,11663,4673,10379,5567,7516,
"2025-08-24",5672,69670,38862,13869,32101,33435,22288,6105,21448,22347,7092,16314,14720,,9815,9532,11368,4386,10125,5386,7585,
"2025-08-25",6518,87327,47239,13827,39173,42675,26910,6790,24108,27100,5500,20546,18983,,12076,10770,12504,4841,12103,6636,10097,
"2025-08-26",6276,85735,47108,13258,38673,41411,26088,6448,23262,26644,7064,18409,18220,,11080,10915,11972,4790,12289,6588,9447,
"2025-08-27",6208,85013,45797,12945,37449,40932,25597,6334,23174,25947,6843,18428,18179,,11377,10629,11883,4727,12091,6600,9807,
"2025-08-28",6324,85023,44414,13306,39588,42808,25927,6335,23600,26318,5676,19010,17416,,11310,11042,12134,4767,12436,6806,9967,
"2025-08-29",6280,87169,45990,14256,40717,42926,26887,6867,24456,28160,5603,19796,18582,,11661,11190,11962,4759,12341,6747,10221,
"2025-08-30",5545,75059,39065,14053,34322,37059,22740,5862,22859,24419,6280,17181,15772,,10009,9765,10659,4216,11039,5932,8849,
"2025-08-31",5160,74114,39604,13796,32818,34135,21792,4937,21513,23546,6042,15871,14470,,8925,9062,9988,3898,10444,5425,8130,
"2025-09-01",6467,92708,46669,16617,39410,40594,26050,6129,23896,27929,6789,19252,17347,,10830,11195,12193,4802,12780,6717,9837,
"2025-09-02",6480,83036,46822,18090,40122,41078,26953,9365,22928,27672,5402,19047,16546,,12342,11053,13131,5234,12469,7934,10794,
"2025-09-03",6091,84819,47135,22488,39790,40901,27857,13676,22678,28146,10061,20921,14638,,14114,10379,12692,5242,11900,9194,12443,
"2025-09-04",6456,84592,46482,23149,39961,41583,26726,13321,22486,28396,14275,21855,13459,1202,12786,10244,12048,5010,11668,9428,13080,
"2025-09-05",7928,89339,44947,22794,38783,39681,25416,11637,23165,27222,12835,20248,13475,1475,13869,11078,12502,5057,12183,9219,11222,
"2025-09-06",7877,75426,39562,20696,34033,34582,22832,11189,22499,24313,11730,17468,12597,1567,12389,10639,12666,4783,11615,8414,9154,
"2025-09-07",7370,71871,37649,19324,31216,31891,21410,11214,20821,22659,11183,18480,14314,1453,11158,9947,12614,4757,11640,8223,7201,
"2025-09-08",6972,87473,46295,22386,36167,37545,24262,13061,21671,26686,11406,18499,17274,1973,13384,10284,13491,5730,12372,9778,9493,
"2025-09-09",6062,95973,46429,21579,35440,37532,25435,13178,21079,27324,12372,20128,14877,3039,14606,10203,13412,5584,12220,9981,11266,
"2025-09-10",5439,81314,44082,20562,33776,39824,25006,11955,20390,26372,14881,20112,14266,4367,14062,9786,12851,6061,11636,9673,12506,
"2025-09-11",5739,86753,45618,22148,35863,37726,25845,12847,20794,27099,13945,20576,15391,4647,14481,9662,13164,5581,11869,9983,12012,
"2025-09-12",5970,87401,43488,25744,37822,37588,24751,17094,21185,28040,12805,19417,14861,5661,13899,9031,14330,5572,10907,8186,12684,
"2025-09-13",5790,75949,32339,22260,33765,31000,22528,16312,20551,21363,12420,16109,15710,7120,15038,9093,14480,5088,9381,7610,8474,
"2025-09-14",5437,61828,34885,22348,30421,28701,21419,15987,19944,20618,12675,15517,13938,9143,11370,8132,12464,5625,9910,6846,6625,
"2025-09-15",7059,71736,43249,24809,34941,35425,24890,13787,18650,25886,14161,18606,16545,7013,13544,8588,13143,6949,13150,7431,8745,
"2025-09-16",6064,79296,45857,24768,34322,37254,25095,12914,20684,27912,14594,19794,16403,5129,15551,8898,12364,6557,13539,7939,10682,
"2025-09-17",5694,77786,44413,24918,34774,38554,24522,13576,20780,27084,14012,17665,14469,5021,14070,9734,12725,7054,13915,8482,12107,
"2025-09-18",6292,83399,46749,27368,38529,39504,25528,15371,21203,27197,14321,20035,15244,5613,13124,10232,12120,7811,13687,9563,13698,
"2025-09-19",6910,82761,47143,27263,38895,39797,26017,13278,21966,26747,15943,19899,17660,5451,17431,10062,13619,8178,12655,9607,11796,
"2025-09-20",6894,71698,39119,23942,33770,37605,22915,10818,20218,23617,17464,20692,17809,5419,16130,11423,15487,9199,10852,9176,11591,
"2025-09-21",5540,62933,40077,21691,29415,35771,20725,10811,18067,21562,16100,15502,15391,4634,13714,9313,13919,7031,9649,9169,8458,
"2025-09-22",5658,69614,43653,24544,33696,38829,23675,14112,19722,25130,3840,17984,16589,4877,14875,8519,14405,7520,10343,9556,9808,
"2025-09-23",6013,67157,44724,24938,35193,38141,25826,11725,21415,24862,3890,16685,14659,4674,12974,8700,14426,9045,8707,8503,11527,
"2025-09-24",5739,74801,47407,25972,33816,34988,25261,10826,18096,25766,6460,16672,14356,4306,12000,8150,13689,10280,8468,8451,11912,
"2025-09-25",5240,78371,47475,26606,34536,37526,24323,8823,20607,26586,5978,19360,15518,3983,11918,8036,12147,10084,8861,9200,12440,
"2025-09-26",5058,80632,48062,28684,36697,41339,25659,8775,22634,27757,5270,21020,16529,4076,12963,8197,12009,10097,9231,9795,12874,
"2025-09-27",4547,73118,44302,26426,33684,37766,23390,8039,21656,24955,5221,19238,15051,3704,13662,7593,11395,9775,8482,8970,12418,
"2025-09-28",4473,71160,43038,25637,31809,36462,21975,7998,20477,23480,5367,18141,14737,3591,13397,7466,11498,9728,8301,9007,12410,
"2025-09-29",4986,84537,54242,30640,39161,43229,25256,10224,20317,24026,7646,19919,17281,5157,14308,8853,11723,9305,11911,11550,11783,
"2025-09-30",4985,75140,47485,28546,35574,39907,24969,10665,19453,23656,16728,17132,18370,5046,17500,9707,11580,9117,9521,12681,11911,
"2025-10-01",5242,71475,46693,28435,34758,40439,25839,11484,20280,24113,16629,19589,17567,4610,17542,9590,12333,9129,8558,13495,12051,
"2025-10-02",5126,74780,47714,29672,35188,40041,26797,12132,21084,24822,14699,21058,17072,3481,15955,9357,12251,9355,6674,13086,12965,
"2025-10-03",5399,72436,47553,31238,37503,40398,26619,14178,22883,24689,20415,20888,17969,3587,19658,10014,12947,10033,7278,13393,12724,
"2025-10-04",5305,63814,40077,28434,32786,34105,22879,13176,20928,21225,18549,19066,17633,3734,13281,10521,13349,9885,7320,12103,9258,
"2025-10-05",5142,63040,39091,25247,28720,31491,20728,11575,18211,19117,17266,13922,13014,3598,14744,11479,13146,9833,6573,10894,6992,
"2025-10-06",5221,64268,41267,26804,33542,32950,22290,11914,17620,21195,17218,18290,13876,4969,14653,9768,11101,9426,7464,11095,8531,
"2025-10-07",4730,72620,44422,30299,35421,40267,25573,13236,20484,24649,20750,21877,17618,7246,16520,10280,12991,10444,7872,13058,12717,
"2025-10-08",4656,72905,44485,31223,35059,39627,26273,13197,21041,25174,21181,22817,16398,9947,15195,9803,11889,10058,7606,13781,12317,
"2025-10-09",4942,73952,44942,32135,36567,39708,25890,14215,20754,24059,19221,20770,16168,9294,17665,11269,12879,9211,7486,14019,10923,
"2025-10-10",5287,69544,43968,31947,37553,38515,26215,15371,21080,23854,18958,20289,14475,7413,15735,11501,13930,9670,7185,14410,11050,
"2025-10-11",5068,56267,37872,28630,32952,33238,22685,18323,20106,20540,19408,17551,14052,4603,12100,10852,13842,10704,6159,11860,7612,
"2025-10-12",6045,55104,35868,26968,33448,31450,21406,17200,18606,19581,19723,15460,13550,3622,10018,10646,12957,14420,5878,11612,7379,
"2025-10-13",6449,67444,41740,30909,37669,36821,24812,18899,21420,24283,23407,18891,16930,3641,11939,9645,14072,15413,7583,13624,9631,
"2025-10-14",6057,68705,41227,31776,31566,39379,25438,16789,19987,22955,22220,16097,17133,3734,13852,9070,14814,13966,8158,12474,11002,
"2025-10-15",4740,72034,42781,31025,31658,38846,25956,16302,19604,22562,21644,17021,16948,4691,15323,10092,13714,13170,7820,12951,11577,
"2025-10-16",4753,72988,42602,31652,36708,38388,26256,17342,20656,23265,21958,20189,15050,6532,14335,11044,11893,13587,7729,13029,11371,
"2025-10-17",5740,74959,42627,31904,37050,40523,25467,20093,22088,25302,22736,19182,15735,6805,13992,11210,14684,14295,8010,12875,11153,
"2025-10-18",5964,67917,39045,29119,34233,32202,23535,16658,21832,21203,20180,17406,15220,5501,11920,10637,14479,15990,7777,12684,9851,
"2025-10-19",5866,65700,36726,26209,31109,32620,21873,16339,19354,19710,19658,16547,13549,4931,12017,10602,14699,13994,8106,13175,8022,
"2025-10-20",6634,73175,42193,29570,35923,35601,24607,18493,20431,23002,23629,19049,15300,5738,13582,11985,16680,15847,9225,14589,9825,
"2025-10-21",5608,69469,40496,29974,35475,36864,24353,15512,20607,22346,25244,16195,13451,5523,14361,11568,15210,14267,8329,14265,11446,
"2025-10-22",4948,67375,39799,29411,37169,36991,23976,14206,21081,22280,25767,16401,12785,5688,12626,10180,12533,11714,7222,14022,12209,
"2025-10-23",4850,69051,40731,29414,36018,38502,24182,15750,22809,22580,26692,19625,12655,6469,11826,9586,12268,10862,6921,13870,13087,
"2025-10-24",5494,69570,40905,30202,34726,42478,24271,13154,22829,22026,27412,19913,16553,7166,15302,9936,14581,12441,6911,14018,13255,
"2025-10-25",5382,61850,37415,26210,32953,35550,21359,10065,21776,19629,24861,17957,15319,8448,12497,10118,15699,13194,7068,13180,10973,
"2025-10-26",5280,57085,37151,26406,32597,33114,21404,9778,19902,19718,23410,17076,13137,9549,9613,11616,17035,14199,7705,13362,11291,
"2025-10-27",5596,64730,41097,29051,35803,39342,23925,10637,21550,22123,26258,18236,14241,9685,11318,12111,15172,16269,8997,13621,10569,
"2025-10-28",5273,63552,28881,28572,35699,37665,24156,5997,21367,21204,28062,18230,15647,8132,9758,11490,14800,14613,9616,13479,11329,
"2025-10-29",5106,65989,39254,28651,34970,39041,23946,6782,20879,22024,28456,18092,15991,7223,10836,8506,13862,12410,10103,14007,11999,
"2025-10-30",5305,71631,44833,29937,36995,40597,23798,10656,22640,20839,28246,19339,15405,5293,13238,7493,13814,10261,8693,13323,11724,
"2025-10-31",5768,71642,46224,33195,35556,37396,23970,14870,24028,20679,26980,19547,14369,5796,15330,8057,14590,9751,7730,13095,13466,
"2025-11-01",4998,57302,38499,27818,30672,32932,20300,16404,21785,18126,24410,20134,12468,7201,15011,8534,13650,9472,7097,12241,11078,
"2025-11-02",5335,56234,37125,25321,34066,32603,19695,14791,19877,19201,24099,15191,11478,7985,11303,8496,14002,10282,8247,13149,11575,
"2025-11-03",5630,68857,44379,29575,36126,38765,23698,15835,21943,21011,28402,19008,15545,10247,14767,8949,13760,10862,10086,14727,12489,
"2025-11-04",5358,74885,47395,29392,37605,37187,25419,16556,23206,21431,22923,18728,15113,6268,14952,9075,15932,8298,8850,12065,13863,
"2025-11-05",4750,75320,45667,32215,33437,37826,26116,17442,22323,23229,22791,19306,13076,4930,14437,10247,15004,9954,8846,12341,13717,
"2025-11-06",5650,71317,41919,32228,39548,31563,23208,21401,24596,22981,18848,21479,14101,3048,16189,9606,13430,12293,8900,13795,11623,
"2025-11-07",5659,69215,39475,34241,33597,32238,24335,24985,24156,24207,19829,20383,14168,2978,15223,10298,13272,12349,10022,10936,10999,
"2025-11-08",4763,63325,41597,33522,34283,31102,24501,27180,23634,23226,19856,17711,13277,3056,15629,10792,13492,11960,10719,8528,10767,
"2025-11-09",4408,62033,40303,30841,30489,28719,22756,25400,22067,21296,18461,16625,12042,2849,14353,10174,13184,10947,9726,7747,10309,
"2025-11-10",5294,69626,45465,36294,35226,33283,26129,27695,23588,23750,21647,19054,13992,3241,15856,11719,14754,12697,11268,9388,11917,
"2025-11-11",5218,67759,44260,33856,36043,33319,24937,28368,22884,23227,21124,16229,13875,3079,15737,11713,14569,12624,11268,9317,11639,
"2025-11-12",4022,67764,44679,33164,33921,36077,25400,29078,21551,24173,23165,16091,14175,2982,15048,11747,13179,13374,12070,10307,12027,
"2025-11-13",3906,67732,46180,33172,34881,36712,26285,30145,21758,23587,24248,19428,17058,3059,13803,12324,15861,14557,13073,11937,12354,
"2025-11-14",4487,68324,49706,37590,38315,37156,28464,30364,24330,25422,21746,21009,15551,4139,15157,13129,16087,13710,12305,11143,12842,
"2025-11-15",4475,60521,44431,40394,34362,33379,25559,27679,23046,22584,19747,18994,20929,8770,15669,12655,13025,11709,10531,10305,10628,
"2025-11-16",4443,58398,41975,38148,33745,28892,23808,23020,22594,20752,18148,17746,17775,12006,14346,12220,12197,11166,10087,10019,9515,
"2025-11-17",4776,65323,48905,41931,34590,33543,27837,24716,23183,23353,20958,19177,20052,12785,15314,13883,14088,12933,11979,10770,10654,
"2025-11-18",5023,66548,49885,42417,35511,34264,28401,25300,23789,24413,21873,20005,20328,11574,15903,14529,14893,13596,12606,11260,11367,