"DateTime","Remitly app: Invia denaro","Compass: Prestiti","Switcho - Risparmio bollette","Trade Republic: Broker & Banca","Taptap Send: invia denaro","Mobile Banking UniCredit","HeyLight","Crypto.com - Acquista BTC, CRO","Prima Assicurazioni","SumUp: pagamenti e POS","Kraken Pro: Investi in Cripto","Intesa Sanpaolo Mobile","Nexi Pay","MyGenerali","Satispay: Paga e investi","isybank","PosteID","Google Wallet","PayPal","Revolut","Poste Italiane","Annotations"
"2024-11-19",68,28,22,29,20,15,,8,17,48,,10,13,32,11,12,6,4,5,1,3,
"2024-11-20",68,27,21,30,20,15,,8,16,48,,10,13,32,11,12,6,4,5,1,3,
"2024-11-21",76,29,23,33,21,15,,10,18,44,,9,13,30,12,14,4,6,5,1,3,
"2024-11-22",80,30,25,32,22,16,,10,19,41,,9,15,21,12,14,4,6,5,1,3,
"2024-11-23",82,31,25,32,24,18,,11,20,36,,9,13,21,12,15,4,6,5,1,3,
"2024-11-24",84,31,25,34,26,18,,8,21,35,,9,14,23,12,13,5,6,4,1,3,
"2024-11-25",84,37,24,32,25,20,,8,22,30,,11,12,23,9,10,6,5,3,1,4,
"2024-11-26",81,37,25,31,23,20,,8,22,32,,11,12,24,9,10,6,4,2,1,5,
"2024-11-27",86,33,24,34,23,14,,11,19,35,,10,12,22,8,9,5,6,2,1,4,
"2024-11-28",81,33,24,30,23,15,,11,20,32,,10,12,22,8,9,5,6,2,1,3,
"2024-11-29",88,29,26,33,30,13,,14,18,31,,9,11,19,8,10,4,6,5,3,1,
"2024-11-30",89,28,24,32,30,13,,14,19,31,,9,10,17,7,11,5,6,4,3,1,
"2024-12-01",95,26,23,32,28,12,,16,20,24,,9,10,19,8,11,5,6,3,4,1,
"2024-12-02",89,27,23,31,25,14,,16,18,24,,10,9,21,8,11,6,4,2,5,1,
"2024-12-03",89,29,24,30,22,17,,15,16,25,,10,9,19,8,12,6,4,2,3,1,
"2024-12-04",88,27,23,31,25,18,,17,16,28,,10,9,26,8,12,6,4,2,3,1,
"2024-12-05",90,26,23,32,27,18,,16,19,29,,9,11,24,8,13,6,5,2,3,1,
"2024-12-06",88,28,25,39,32,15,,13,18,31,,8,10,21,9,16,3,7,5,4,1,
"2024-12-07",89,29,25,38,31,14,,11,18,32,,8,10,20,9,15,3,6,5,4,1,
"2024-12-08",89,32,25,36,30,13,,11,18,31,,8,10,19,9,15,4,6,5,2,1,
"2024-12-09",87,39,20,38,21,17,,11,16,25,,10,12,24,8,9,6,5,3,2,1,
"2024-12-10",87,28,21,35,18,17,,12,14,24,,11,10,25,9,8,6,5,3,2,1,
"2024-12-11",87,24,21,35,19,17,,12,15,26,,10,11,25,9,8,5,6,3,2,1,
"2024-12-12",87,16,20,39,21,15,,12,18,26,,10,11,27,8,9,4,6,2,3,1,
"2024-12-13",88,15,20,40,22,13,,17,18,30,,9,11,23,8,10,4,6,2,5,1,
"2024-12-14",89,23,18,41,21,13,,15,17,30,,9,10,20,8,12,4,6,2,5,1,
"2024-12-15",88,25,19,42,22,13,146,15,17,29,,9,10,21,8,12,4,6,2,5,1,
"2024-12-16",74,29,21,37,14,17,153,15,19,25,,11,12,23,8,10,6,4,2,5,1,
"2024-12-17",70,25,21,35,14,17,155,15,18,24,,11,12,26,8,10,6,5,2,4,1,
"2024-12-18",74,26,21,35,13,15,151,16,17,24,,9,11,27,8,10,5,6,2,4,1,
"2024-12-19",71,28,22,36,13,15,158,16,17,25,,9,11,24,8,10,5,6,2,3,1,
"2024-12-20",74,25,22,40,14,12,163,17,15,23,,9,10,24,8,11,5,6,2,4,1,
"2024-12-21",72,28,21,33,14,12,155,16,15,23,,9,10,24,8,11,5,6,3,4,1,
"2024-12-22",71,29,20,30,14,12,152,17,15,21,,9,10,26,8,11,5,6,3,4,1,
"2024-12-23",62,35,18,30,13,15,150,19,14,16,,10,11,28,8,9,6,5,3,4,1,
"2024-12-24",59,37,17,30,13,15,163,21,14,16,,10,12,31,8,9,6,4,2,5,1,
"2024-12-25",60,38,21,28,13,14,191,22,15,16,,10,11,31,8,9,6,4,2,3,1,
"2024-12-26",63,41,22,26,12,14,,24,18,19,,10,13,34,7,9,6,4,5,3,2,
"2024-12-27",58,43,18,26,11,21,,22,20,19,,12,13,36,6,9,7,2,3,1,5,
"2024-12-28",61,42,15,28,12,17,,25,21,20,,11,13,34,7,9,6,2,3,1,4,
"2024-12-29",64,37,16,32,13,19,,24,18,20,,12,14,33,8,9,6,3,5,1,2,
"2024-12-30",67,37,19,31,14,18,,27,21,23,,12,15,35,8,10,6,4,5,1,3,
"2024-12-31",67,34,18,32,16,21,,27,19,22,,13,15,35,8,9,6,3,4,1,2,
"2025-01-01",68,32,20,34,16,18,,29,19,22,,14,15,33,9,10,6,4,3,2,1,
"2025-01-02",70,32,18,34,16,19,,28,20,21,,13,15,33,9,10,6,4,3,1,2,
"2025-01-03",70,33,20,31,16,22,,27,18,23,,13,15,37,9,10,6,4,3,1,2,
"2025-01-04",73,35,18,32,20,19,,28,16,23,,12,14,40,9,10,6,5,4,2,1,
"2025-01-05",81,27,16,34,28,17,,32,14,26,,10,12,41,8,9,5,7,4,2,1,
"2025-01-06",76,26,13,33,25,17,,29,14,22,,11,12,40,9,8,5,7,3,2,1,
"2025-01-07",73,31,11,30,23,15,,28,12,21,,17,14,44,9,8,5,6,3,1,2,
"2025-01-08",75,33,11,29,25,27,,26,15,19,,12,16,41,10,8,5,7,4,2,1,
"2025-01-09",80,31,13,35,26,15,,22,14,20,,10,12,36,8,9,3,7,5,2,1,
"2025-01-10",84,32,15,37,30,14,,27,13,22,,10,12,24,8,9,4,7,6,2,1,
"2025-01-11",80,32,15,35,30,12,,25,14,21,,10,13,20,8,9,3,7,6,2,1,
"2025-01-12",77,28,14,31,32,11,,27,12,20,,10,13,17,8,9,2,7,6,3,1,
"2025-01-13",78,28,11,29,23,15,,26,13,17,,10,14,18,9,8,3,7,5,2,1,
"2025-01-14",74,30,10,27,20,15,,28,13,16,,11,14,22,9,8,3,7,5,2,1,
"2025-01-15",77,32,11,26,22,14,,28,13,20,,9,15,24,10,8,3,7,5,2,1,
"2025-01-16",78,31,11,29,24,15,,26,14,18,,9,16,22,10,8,3,7,5,2,1,
"2025-01-17",81,29,13,32,25,12,,28,15,19,,9,17,20,11,8,2,7,5,3,1,
"2025-01-18",81,29,15,32,25,11,,27,14,19,,9,13,20,12,8,2,7,5,3,1,
"2025-01-19",82,31,18,29,27,11,,22,14,16,,9,12,19,10,8,2,7,6,3,1,
"2025-01-20",81,35,31,27,22,12,,18,16,19,,9,15,20,10,8,4,7,5,2,1,
"2025-01-21",84,29,36,28,20,19,,11,16,17,,14,18,30,13,8,3,7,5,1,2,
"2025-01-22",84,25,40,29,20,19,,11,16,15,,14,18,30,13,8,3,6,5,1,2,
"2025-01-23",82,24,50,28,22,19,,11,16,15,,12,17,30,9,8,3,7,5,2,1,
"2025-01-24",84,21,56,25,24,13,,11,22,15,,10,14,26,9,8,2,6,5,3,1,
"2025-01-25",85,26,58,23,21,12,,13,16,19,,10,14,28,8,9,2,7,5,3,1,
"2025-01-26",82,27,58,23,20,11,,13,16,17,,10,12,26,8,9,2,7,4,3,1,
"2025-01-27",78,27,55,22,17,14,,12,18,13,,16,10,25,9,8,3,7,4,2,1,
"2025-01-28",71,27,58,19,15,23,,17,18,13,,10,14,28,9,8,3,6,4,2,1,
"2025-01-29",67,27,59,26,18,19,,14,16,13,,12,15,31,9,8,3,6,4,2,1,
"2025-01-30",71,30,60,24,19,16,,18,15,13,,10,14,29,9,8,3,6,4,2,1,
"2025-01-31",74,27,63,24,32,11,,21,13,15,,9,12,26,14,8,2,7,5,3,1,
"2025-02-01",73,28,53,14,30,12,189,25,15,17,,9,13,24,11,8,3,7,5,2,1,
"2025-02-02",76,27,52,9,26,12,191,30,16,18,,10,13,22,11,8,3,7,5,2,1,
"2025-02-03",76,31,43,9,21,15,,29,14,16,,12,13,24,11,8,3,7,4,2,1,
"2025-02-04",76,28,39,8,22,18,,31,16,14,,15,13,26,11,9,4,6,3,2,1,
"2025-02-05",69,27,30,8,26,18,194,38,16,13,,14,15,25,11,9,3,6,2,4,1,
"2025-02-06",76,28,27,8,24,17,171,37,16,14,,12,15,26,11,9,2,6,3,4,1,
"2025-02-07",78,26,23,9,28,16,157,38,17,15,,12,14,24,10,8,2,6,4,3,1,
"2025-02-08",77,26,24,10,28,13,143,40,18,16,,11,15,25,8,9,2,7,4,3,1,
"2025-02-09",74,27,22,12,28,11,150,42,18,16,,10,15,26,8,9,2,7,4,3,1,
"2025-02-10",74,27,18,9,23,12,153,41,20,14,,16,15,28,8,11,2,6,3,4,1,
"2025-02-11",71,30,18,9,17,14,166,38,16,13,,15,19,34,11,8,4,6,2,3,1,
"2025-02-12",74,27,19,9,17,13,169,39,18,15,,14,16,32,11,8,4,6,2,3,1,
"2025-02-13",76,25,20,9,18,13,144,38,17,15,,12,16,30,10,8,4,6,2,3,1,
"2025-02-14",75,23,20,12,22,11,132,39,16,19,,9,15,29,10,8,2,6,3,4,1,
"2025-02-15",75,23,19,13,21,12,129,39,22,18,,9,15,29,11,8,2,6,4,3,1,
"2025-02-16",79,24,19,12,25,13,124,40,17,18,,10,15,30,11,9,2,6,3,4,1,
"2025-02-17",77,22,18,11,20,19,117,38,15,16,,14,13,27,10,8,2,6,3,4,1,
"2025-02-18",72,25,17,9,20,16,117,43,19,13,,12,14,30,11,8,3,6,4,2,1,
"2025-02-19",76,26,19,9,20,17,126,36,16,12,,13,15,29,11,8,4,6,2,3,1,
"2025-02-20",81,25,19,9,21,14,129,35,17,12,191,13,15,27,8,10,2,6,4,3,1,
"2025-02-21",82,24,21,10,25,13,121,36,18,14,186,11,15,23,8,9,2,6,3,4,1,
"2025-02-22",83,24,21,10,26,12,121,38,20,14,183,11,15,23,8,9,2,7,3,4,1,
"2025-02-23",84,26,21,10,27,12,118,39,20,13,,11,14,25,8,9,2,6,3,4,1,
"2025-02-24",78,30,19,10,22,13,114,38,16,11,,14,12,25,9,8,5,6,2,3,1,
"2025-02-25",76,32,19,9,18,15,114,35,13,11,,14,12,30,10,8,4,6,2,3,1,
"2025-02-26",83,26,25,9,17,15,128,38,14,11,,12,13,30,10,8,4,6,2,3,1,
"2025-02-27",82,25,34,9,22,14,130,39,16,10,,11,13,26,12,8,4,6,3,5,1,
"2025-02-28",82,25,40,17,19,12,110,38,15,11,,9,13,26,10,8,3,7,5,4,1,
"2025-03-01",82,21,49,17,22,11,95,43,16,13,,9,14,26,10,8,3,7,5,4,1,
"2025-03-02",78,20,60,17,21,12,83,48,15,14,,10,13,26,11,8,5,7,4,3,1,
"2025-03-03",77,21,60,15,20,14,88,39,13,11,,12,16,24,10,8,5,6,4,3,1,
"2025-03-04",71,25,60,15,18,17,96,36,12,10,,14,13,28,9,8,5,7,3,4,1,
"2025-03-05",73,26,64,15,20,17,108,32,11,9,,13,12,28,10,8,5,6,2,4,1,
"2025-03-06",75,20,72,15,24,16,105,32,13,11,,12,14,27,8,9,5,6,2,3,1,
"2025-03-07",73,20,75,15,30,16,94,32,13,12,,11,14,24,9,10,5,6,2,4,1,
"2025-03-08",66,20,78,16,23,15,83,35,13,12,,11,14,22,10,9,3,7,2,4,1,
"2025-03-09",66,23,78,16,22,14,80,35,15,12,,11,13,20,10,9,4,7,2,3,1,
"2025-03-10",62,25,79,21,17,15,82,34,14,12,,10,13,22,11,8,4,6,2,5,1,
"2025-03-11",60,29,78,17,16,19,92,32,13,11,,12,14,24,10,7,5,6,2,3,1,
"2025-03-12",59,29,76,18,16,19,91,32,13,11,,12,14,24,10,7,4,6,2,3,1,
"2025-03-13",59,26,43,18,17,15,89,36,13,12,,11,14,23,10,7,4,6,2,3,1,
"2025-03-14",59,26,39,19,16,13,80,40,15,12,,10,14,20,11,8,4,6,2,3,1,
"2025-03-15",59,26,39,19,16,13,80,40,15,12,,10,14,20,11,8,4,6,2,3,1,
"2025-03-16",58,26,38,19,16,13,80,39,15,12,,10,14,20,11,8,4,6,2,3,1,
"2025-03-17",58,26,32,16,14,13,76,39,17,12,,11,15,19,9,8,4,6,1,3,2,
"2025-03-18",58,27,28,16,11,13,81,35,15,10,,14,17,21,9,7,4,5,1,3,2,
"2025-03-19",57,27,28,17,11,13,79,36,14,10,,12,16,21,9,7,3,6,1,4,2,
"2025-03-20",61,25,27,17,15,12,82,38,14,13,,10,16,23,9,7,4,6,1,3,2,
"2025-03-21",66,25,28,20,18,12,73,35,14,17,,10,13,23,7,9,3,6,1,4,2,
"2025-03-22",66,25,28,20,18,12,73,35,14,17,,10,13,23,7,9,3,6,1,4,2,
"2025-03-23",68,25,27,22,20,13,69,38,17,15,187,12,14,21,6,8,3,7,1,4,2,
"2025-03-24",66,26,28,23,18,15,71,40,17,12,183,13,14,24,7,8,3,6,1,4,2,
"2025-03-25",60,26,25,24,16,19,70,43,17,10,168,15,14,27,7,8,4,5,1,3,2,
"2025-03-26",60,27,28,22,17,18,78,37,16,11,165,14,15,24,8,7,4,6,1,3,2,
"2025-03-27",60,26,28,23,18,16,77,38,17,11,177,14,15,24,9,7,3,6,1,4,2,
"2025-03-28",66,25,30,24,19,15,68,39,17,10,194,13,16,23,9,7,3,6,1,4,2,
"2025-03-29",67,26,29,24,20,14,74,39,16,13,,12,15,21,9,7,3,6,2,4,1,
"2025-03-30",67,27,30,25,22,13,70,40,16,12,,11,15,21,9,7,3,6,1,4,2,
"2025-03-31",67,27,30,25,22,13,70,40,16,12,,11,15,21,9,7,3,6,1,4,2,
"2025-04-01",57,28,23,18,19,13,65,34,16,11,,17,15,24,8,6,4,5,1,3,2,
"2025-04-02",59,23,24,20,21,14,63,35,16,11,,15,17,25,9,7,4,5,1,3,2,
"2025-04-03",59,20,23,22,28,14,67,36,15,12,,13,17,26,8,7,3,5,2,4,1,
"2025-04-04",65,18,21,26,29,13,66,36,15,17,,12,16,25,8,9,3,6,2,4,1,
"2025-04-05",65,20,21,25,30,13,69,37,14,17,,12,15,24,8,10,4,7,2,5,1,
"2025-04-06",65,22,21,20,30,13,73,38,14,16,,11,15,24,8,12,4,6,3,5,1,
"2025-04-07",65,27,21,15,25,16,84,40,12,11,,14,17,24,8,13,4,5,2,3,1,
"2025-04-08",67,29,20,16,25,15,94,44,13,11,,18,14,23,8,12,5,4,2,3,1,
"2025-04-09",66,28,20,14,24,19,86,42,13,10,,16,17,21,8,12,4,5,2,3,1,
"2025-04-10",70,28,19,16,29,12,83,42,14,10,,11,15,17,8,13,2,5,3,4,1,
"2025-04-11",70,29,19,15,28,12,81,41,14,10,,11,16,17,8,13,2,5,3,4,1,
"2025-04-12",69,31,19,16,30,12,79,40,13,9,,10,14,18,8,15,2,5,4,3,1,
"2025-04-13",54,27,18,13,20,9,82,40,12,11,,8,14,24,10,16,2,4,5,3,1,
"2025-04-14",46,27,16,10,15,18,84,39,11,9,,13,17,23,8,14,3,4,5,2,1,
"2025-04-15",47,28,16,10,13,19,86,38,11,7,,17,15,24,9,14,3,4,5,2,1,
"2025-04-16",52,23,15,10,16,18,82,38,13,9,,12,14,25,8,17,2,4,6,3,1,
"2025-04-17",51,23,18,10,16,19,81,38,12,9,,13,15,25,8,17,2,4,6,3,1,
"2025-04-18",55,21,17,19,18,15,74,39,13,9,,10,11,26,7,16,2,4,6,3,1,
"2025-04-19",70,16,18,22,26,12,73,37,14,10,,9,11,25,7,17,2,4,6,3,1,
"2025-04-20",62,16,20,17,22,11,71,39,14,13,,9,10,25,7,18,3,4,6,2,1,
"2025-04-21",62,16,20,17,22,11,71,39,14,13,,9,10,25,7,18,3,4,6,2,1,
"2025-04-22",62,16,20,17,22,11,71,39,14,13,,9,10,25,7,18,3,4,6,2,1,
"2025-04-23",44,26,14,12,13,25,88,34,16,10,,22,18,29,7,17,5,3,4,2,1,
"2025-04-24",46,26,14,17,12,23,90,36,13,10,,18,16,28,7,15,4,3,5,2,1,
"2025-04-25",47,28,17,19,16,18,79,36,11,10,,12,13,27,7,14,4,3,5,2,1,
"2025-04-26",56,28,17,18,19,14,78,39,11,9,,10,13,24,8,15,4,2,5,3,1,
"2025-04-27",57,29,19,20,22,18,80,39,10,9,,11,15,25,7,13,4,2,5,3,1,
"2025-04-28",52,27,19,20,21,23,84,35,12,10,,16,15,25,7,13,5,2,4,3,1,
"2025-04-29",55,30,16,17,18,27,86,33,15,10,,23,20,25,7,14,5,2,4,3,1,
"2025-04-30",56,30,17,20,21,24,87,14,11,10,,19,16,27,8,15,5,3,4,2,1,
"2025-05-01",60,31,19,23,24,17,84,11,12,10,,14,13,27,7,18,4,3,5,2,1,
"2025-05-02",65,24,17,28,26,14,76,9,10,12,,11,13,29,7,18,3,4,6,2,1,
"2025-05-03",62,24,18,31,25,17,81,11,9,10,,12,13,30,7,20,4,3,5,2,1,
"2025-05-04",62,23,16,28,25,17,82,10,9,11,,12,14,29,7,18,4,3,5,2,1,
"2025-05-05",55,27,15,22,24,23,87,11,10,9,,16,14,29,7,17,4,3,5,2,1,
"2025-05-06",55,27,13,15,22,25,86,11,10,9,,17,14,30,7,16,4,2,5,3,1,
"2025-05-07",58,22,13,16,25,20,87,14,9,10,,12,11,31,7,15,4,3,5,2,1,
"2025-05-08",63,19,15,13,27,14,84,18,9,10,,11,12,26,7,16,3,4,5,2,1,
"2025-05-09",67,17,18,14,29,13,79,22,10,12,,9,11,21,8,16,2,4,5,3,1,
"2025-05-10",70,17,20,14,30,12,77,26,10,13,,9,11,21,8,16,2,4,6,3,1,
"2025-05-11",71,15,20,14,31,11,72,23,9,13,,12,10,22,8,16,2,4,6,3,1,
"2025-05-12",69,16,17,13,30,14,75,22,10,12,,9,11,24,8,15,3,4,6,2,1,
"2025-05-13",62,19,14,11,23,17,77,26,10,9,,12,13,27,8,15,3,4,5,2,1,
"2025-05-14",63,18,14,11,24,17,78,20,9,10,,12,13,27,7,15,3,4,5,2,1,
"2025-05-15",63,17,15,12,26,14,70,25,10,13,,9,11,27,7,16,3,4,5,2,1,
"2025-05-16",69,15,18,13,24,12,73,26,10,14,,9,11,28,7,21,2,5,6,3,1,
"2025-05-17",68,15,21,16,25,12,73,27,11,14,,9,10,29,7,20,2,6,4,3,1,
"2025-05-18",66,14,21,15,26,12,73,30,11,13,,9,10,29,7,18,2,5,4,3,1,
"2025-05-19",60,16,20,15,24,12,71,31,11,13,,9,10,30,7,17,2,5,4,3,1,
"2025-05-20",56,22,17,13,21,18,75,28,9,12,,11,10,34,7,16,4,5,3,2,1,
"2025-05-21",57,22,20,12,19,17,79,28,9,13,,10,11,36,7,16,3,5,4,2,1,
"2025-05-22",59,18,21,13,22,14,74,32,10,15,,9,11,30,7,16,2,5,4,3,1,
"2025-05-23",63,19,21,14,22,13,78,34,11,17,,9,10,29,7,16,2,5,4,3,1,
"2025-05-24",65,20,23,16,25,13,82,34,11,14,,8,10,26,7,17,2,5,4,3,1,
"2025-05-25",66,20,24,16,25,13,83,35,12,10,,8,11,27,7,17,2,5,4,3,1,
"2025-05-26",67,22,24,13,21,14,86,32,12,8,,10,11,28,7,16,2,5,4,3,1,
"2025-05-27",61,24,21,12,19,18,87,27,11,7,,10,13,31,8,16,3,4,5,2,1,
"2025-05-28",65,22,23,13,19,15,81,28,11,8,,10,12,32,7,17,3,5,4,2,1,
"2025-05-29",63,20,24,12,22,14,,34,13,10,,8,11,31,7,17,2,5,4,3,1,
"2025-05-30",69,21,26,15,22,13,,34,12,10,,8,11,30,7,17,2,5,4,3,1,
"2025-05-31",68,23,30,15,24,10,76,37,13,14,,8,9,34,6,19,3,4,5,2,1,
"2025-06-01",69,19,27,18,29,13,72,36,11,12,,8,9,31,6,17,2,5,4,3,1,
"2025-06-02",67,23,27,18,28,15,73,34,11,12,,8,10,30,6,14,3,5,4,2,1,
"2025-06-03",59,25,22,18,20,19,77,29,11,12,,10,13,31,6,14,5,4,3,2,1,
"2025-06-04",56,27,20,18,19,23,85,25,11,10,,16,13,33,6,14,5,4,3,2,1,
"2025-06-05",59,25,19,18,17,22,83,28,9,12,,11,10,32,6,15,5,4,3,2,1,
"2025-06-06",68,23,17,20,24,12,71,37,11,13,,8,9,27,7,16,4,5,3,2,1,
"2025-06-07",68,19,18,22,24,13,71,34,11,12,,8,9,27,7,15,4,5,3,2,1,
"2025-06-08",67,17,19,21,26,12,72,35,11,13,,8,9,28,7,15,4,5,3,2,1,
"2025-06-09",71,18,17,22,30,21,70,28,11,12,,9,8,23,6,14,2,5,4,3,1,
"2025-06-10",60,24,18,16,25,17,74,30,12,11,,10,8,28,7,15,4,5,3,2,1,
"2025-06-11",60,20,18,17,26,15,72,30,12,11,,10,8,22,7,16,4,5,3,2,1,
"2025-06-12",63,17,18,16,28,13,66,27,11,12,,8,9,24,7,15,3,5,4,2,1,
"2025-06-13",69,15,19,17,29,12,65,28,11,13,,8,9,25,7,16,3,5,4,2,1,
"2025-06-14",68,16,19,17,28,12,69,25,11,13,,8,9,26,6,15,3,5,4,2,1,
"2025-06-15",66,18,17,15,26,12,69,25,11,13,,8,9,27,6,16,3,5,4,2,1,
"2025-06-16",61,21,18,15,19,13,69,22,12,11,,9,8,27,6,16,3,5,4,2,1,
"2025-06-17",59,25,16,14,17,18,71,19,12,10,,11,8,28,7,15,5,4,3,2,1,
"2025-06-18",61,21,17,13,16,18,74,19,11,12,,10,8,28,7,15,5,4,3,2,1,
"2025-06-19",62,23,18,13,17,15,74,19,11,12,,9,8,25,7,16,4,5,3,2,1,
"2025-06-20",63,19,21,16,23,14,72,20,15,11,,8,9,22,7,18,3,5,4,2,1,
"2025-06-21",61,23,21,17,25,14,71,18,15,11,,8,10,19,7,20,3,5,4,2,1,
"2025-06-22",59,23,21,18,28,13,72,16,14,10,,12,9,20,8,19,4,5,3,2,1,
"2025-06-23",56,25,20,17,26,16,75,15,13,9,,11,10,24,8,19,3,5,4,2,1,
"2025-06-24",52,28,18,15,22,21,81,13,14,9,,12,10,27,8,17,5,4,3,2,1,
"2025-06-25",53,27,18,14,21,19,81,13,15,9,,12,10,29,8,17,5,4,3,2,1,
"2025-06-26",54,26,19,15,23,17,81,16,14,12,,11,10,32,8,13,4,5,3,2,1,
"2025-06-27",58,26,20,21,28,13,77,19,16,15,,10,11,14,8,12,3,5,4,2,1,
"2025-06-28",56,26,22,20,29,14,73,16,15,17,,10,11,13,8,12,2,5,4,3,1,
"2025-06-29",54,26,23,21,29,14,71,16,15,19,,9,11,12,6,13,2,5,4,3,1,
"2025-06-30",51,26,21,20,27,19,68,13,14,15,,11,10,16,7,12,3,5,4,2,1,
"2025-07-01",48,29,18,16,24,22,68,13,17,12,,11,10,20,7,15,5,4,3,2,1,
"2025-07-02",48,19,18,14,23,22,66,10,17,12,,13,11,29,8,16,5,4,3,2,1,
"2025-07-03",46,17,20,14,25,19,69,9,15,13,,12,11,29,8,16,4,5,3,2,1,
"2025-07-04",48,18,22,15,26,16,68,8,14,13,,11,12,29,9,17,3,5,4,2,1,
"2025-07-05",49,20,24,15,27,16,79,8,14,13,,10,11,29,9,17,3,5,4,2,1,
"2025-07-06",52,20,24,17,27,15,74,7,16,14,,9,11,32,10,13,3,4,5,2,1,
"2025-07-07",49,21,24,15,23,22,75,7,16,14,,10,11,34,9,12,3,4,5,2,1,
"2025-07-08",44,24,23,14,22,19,73,6,17,12,,13,11,37,9,10,4,3,5,2,1,
"2025-07-09",46,22,26,14,24,20,73,6,17,12,,13,11,37,9,10,4,3,5,2,1,
"2025-07-10",50,21,26,15,25,18,74,7,16,12,,10,11,37,8,14,4,3,5,2,1,
"2025-07-11",52,21,28,16,29,15,75,7,17,12,,9,10,33,8,14,3,4,5,2,1,
"2025-07-12",54,22,28,16,29,13,72,6,17,12,,9,10,23,8,15,4,3,5,2,1,
"2025-07-13",55,24,30,12,31,14,65,6,16,11,,9,10,22,7,15,5,4,3,2,1,
"2025-07-14",57,28,30,14,26,19,61,5,18,13,,15,11,25,9,17,7,4,3,2,1,
"2025-07-15",56,29,30,13,23,20,62,5,18,12,,17,14,26,9,16,7,4,3,2,1,
"2025-07-16",58,28,30,13,23,19,67,4,18,14,,16,12,25,9,17,6,5,3,2,1,
"2025-07-17",59,26,32,13,23,19,67,2,18,14,,12,11,27,9,15,6,5,4,3,1,
"2025-07-18",59,22,33,13,23,14,73,2,18,16,,10,11,24,9,15,6,5,3,4,1,
"2025-07-19",61,22,31,14,24,13,73,2,17,18,,10,11,25,9,15,6,5,3,4,1,
"2025-07-20",61,23,26,13,32,14,56,2,16,19,,10,11,29,9,17,7,6,4,3,1,
"2025-07-21",54,26,24,13,27,19,50,2,17,18,,11,12,29,9,15,7,6,4,3,1,
"2025-07-22",49,28,20,12,22,21,48,2,18,17,,15,13,35,9,16,7,5,3,4,1,
"2025-07-23",46,28,20,10,23,21,56,2,19,17,,15,13,36,9,14,7,5,4,3,1,
"2025-07-24",48,28,21,10,25,19,65,2,17,16,,11,12,38,9,15,6,5,4,3,1,
"2025-07-25",48,28,21,10,25,19,65,2,17,16,,11,12,38,9,15,6,5,4,3,1,
"2025-07-26",48,28,21,10,25,19,65,2,17,16,,11,12,38,9,15,6,5,4,3,1,
"2025-07-27",48,28,21,10,25,19,65,2,17,16,,11,12,38,9,15,6,5,4,3,1,
"2025-07-28",48,28,21,10,25,19,65,2,17,16,,11,12,38,9,15,6,5,4,3,1,
"2025-07-29",48,28,21,10,25,19,65,2,17,16,,11,12,38,9,15,6,5,4,3,1,
"2025-07-30",48,28,21,10,25,19,65,2,17,16,,11,12,38,9,15,6,5,4,3,1,
"2025-07-31",48,28,21,10,25,19,65,2,17,16,,11,12,38,9,15,6,5,4,3,1,
"2025-08-01",48,28,21,10,25,19,65,2,17,16,,11,12,38,9,15,6,5,4,3,1,
"2025-08-02",48,28,21,10,25,19,65,2,17,16,,11,12,38,9,15,6,5,4,3,1,
"2025-08-03",48,28,21,10,25,19,65,2,17,16,,11,12,38,9,15,6,5,4,3,1,
"2025-08-04",48,28,21,10,25,19,65,2,17,16,,11,12,38,9,15,6,5,4,3,1,
"2025-08-05",48,28,21,10,25,19,65,2,17,16,,11,12,38,9,15,6,5,4,3,1,
"2025-08-06",48,28,21,10,25,19,65,2,17,16,,11,12,38,9,15,6,5,4,3,1,
"2025-08-07",48,28,21,10,25,19,65,2,17,16,,11,12,38,9,15,6,5,4,3,1,
"2025-08-08",48,28,21,10,25,19,65,2,17,16,,11,12,38,9,15,6,5,4,3,1,
"2025-08-09",47,21,26,13,29,15,98,27,18,20,,9,10,30,7,17,4,3,5,2,1,
"2025-08-10",48,23,26,13,28,15,105,27,19,20,,9,10,30,7,17,4,3,5,2,1,
"2025-08-11",41,24,25,12,26,15,102,27,17,19,,16,10,32,6,14,4,3,5,2,1,
"2025-08-12",37,28,24,11,21,19,107,22,18,17,,13,12,33,7,16,5,3,4,2,1,
"2025-08-13",37,26,20,11,22,18,107,23,19,16,,14,12,36,8,17,5,3,4,2,1,
"2025-08-14",33,25,22,11,26,16,108,19,18,17,,13,12,38,8,24,5,2,4,3,1,
"2025-08-15",32,25,23,13,24,16,104,19,20,18,,11,12,35,8,28,5,3,4,2,1,
"2025-08-16",33,26,22,12,21,15,100,17,23,18,,13,11,35,8,30,5,3,4,2,1,
"2025-08-17",28,27,21,11,17,19,98,18,24,20,,14,12,35,8,34,6,3,4,2,1,
"2025-08-18",22,27,15,11,16,26,96,19,23,18,184,21,12,31,10,35,7,3,4,2,1,
"2025-08-19",26,27,15,11,17,23,103,20,24,18,190,16,12,33,10,36,6,3,4,2,1,
"2025-08-20",27,25,18,11,17,22,99,21,23,19,197,15,12,33,10,35,5,3,4,2,1,
"2025-08-21",30,25,22,10,21,17,94,23,24,18,,14,12,31,9,35,5,3,4,2,1,
"2025-08-22",34,24,22,14,23,15,95,26,25,20,,12,10,29,8,32,5,3,4,2,1,
"2025-08-23",34,26,22,13,23,15,92,25,24,21,,10,11,30,8,32,4,3,5,2,1,
"2025-08-24",34,22,25,12,26,14,90,24,23,21,,9,11,31,8,32,4,3,5,2,1,
"2025-08-25",32,21,22,10,24,17,89,23,25,16,,13,12,33,7,31,5,3,4,2,1,
"2025-08-26",36,25,17,11,21,18,80,22,24,16,,15,12,37,7,30,5,3,4,2,1,
"2025-08-27",35,24,22,9,19,17,91,21,23,16,,13,11,36,7,34,5,3,4,2,1,
"2025-08-28",42,25,22,9,19,15,88,20,21,17,,11,12,35,8,36,5,3,4,2,1,
"2025-08-29",42,25,22,9,19,15,88,20,21,17,,11,12,35,8,36,5,3,4,2,1,
"2025-08-30",42,25,22,9,19,15,88,20,21,17,,11,12,35,8,36,5,3,4,2,1,
"2025-08-31",42,25,22,9,19,15,88,20,21,17,,11,12,35,8,36,5,3,4,2,1,
"2025-09-01",42,25,22,9,19,15,88,20,21,17,,11,12,35,8,36,5,3,4,2,1,
"2025-09-02",42,25,22,9,19,15,88,20,21,17,,11,12,35,8,36,5,3,4,2,1,
"2025-09-03",42,25,22,9,19,15,88,20,21,17,,11,12,35,8,36,5,3,4,2,1,
"2025-09-04",42,25,22,9,19,15,88,20,21,17,,11,12,35,8,36,5,3,4,2,1,
"2025-09-05",48,15,24,12,28,13,,6,14,20,,10,11,32,7,38,3,4,5,2,1,
"2025-09-06",50,18,25,13,32,14,,8,15,20,,10,11,12,6,40,3,4,5,2,1,
"2025-09-07",50,21,25,12,32,13,,16,15,20,,9,10,8,6,40,3,4,5,2,1,
"2025-09-08",46,28,25,11,30,20,,26,14,15,,10,9,8,6,36,4,3,5,2,1,
"2025-09-09",43,29,25,9,28,21,,27,14,16,,11,10,8,6,34,5,3,4,2,1,
"2025-09-10",44,28,24,10,27,20,,30,16,17,,9,11,13,6,29,5,3,4,2,1,
"2025-09-11",46,24,25,14,30,17,,32,16,21,,11,12,19,6,10,3,4,5,2,1,
"2025-09-12",51,22,25,14,29,15,,33,16,19,,11,13,21,6,9,3,4,5,2,1,
"2025-09-13",53,21,25,14,29,15,,31,16,18,,11,12,23,8,7,3,5,4,2,1,
"2025-09-14",55,20,23,15,32,14,,31,18,16,,11,13,24,8,7,3,4,5,2,1,
"2025-09-15",50,21,23,14,26,16,,25,17,15,,11,12,29,8,7,4,3,5,2,1,
"2025-09-16",51,24,23,11,15,21,,27,17,16,,12,13,33,8,6,5,3,4,2,1,
"2025-09-17",52,23,24,12,14,19,,29,17,16,,10,15,31,9,6,4,3,5,2,1,
"2025-09-18",52,22,24,14,19,17,,29,18,15,,10,13,31,6,7,4,3,5,2,1,
"2025-09-19",55,20,22,16,21,14,,33,18,17,,11,13,28,7,8,3,5,4,2,1,
"2025-09-20",52,24,23,15,19,13,,35,18,17,,11,12,30,7,8,4,6,5,2,1,
"2025-09-21",57,23,21,19,27,15,,34,18,16,182,12,13,33,7,8,4,6,5,2,1,
"2025-09-22",55,29,20,16,24,18,,31,19,15,139,10,14,38,8,11,3,4,5,2,1,
"2025-09-23",54,30,19,16,24,21,,31,18,15,134,11,14,37,8,10,5,3,4,2,1,
"2025-09-24",55,29,20,19,24,21,,30,16,15,116,11,13,37,9,10,3,4,5,2,1,
"2025-09-25",57,31,20,19,26,16,,35,18,15,113,11,13,37,10,8,3,5,6,2,1,
"2025-09-26",62,30,21,20,31,15,,38,18,16,110,10,13,33,8,9,4,5,6,2,1,
"2025-09-27",66,32,21,19,33,14,,38,18,17,106,9,12,28,8,10,4,5,6,3,1,
"2025-09-28",67,34,22,18,33,13,,42,17,15,102,9,12,29,8,11,4,5,6,3,1,
"2025-09-29",67,34,22,18,33,13,,42,17,15,102,9,12,29,8,11,4,5,6,3,1,
"2025-09-30",67,34,22,18,33,13,,42,17,15,102,9,12,29,8,11,4,5,6,3,1,
"2025-10-01",67,34,22,18,33,13,,42,17,15,102,9,12,29,8,11,4,5,6,3,1,
"2025-10-02",61,33,27,17,31,14,,10,20,18,85,11,13,36,9,7,4,5,6,3,1,
"2025-10-03",66,31,26,18,35,12,,9,16,17,88,11,13,22,10,7,4,6,5,3,1,
"2025-10-04",66,31,26,18,35,12,,9,16,17,88,11,13,22,10,7,4,6,5,3,1,
"2025-10-05",65,21,23,19,36,15,,8,18,17,100,11,13,12,9,7,4,5,6,2,1,
"2025-10-06",59,23,21,17,32,18,,8,16,15,94,12,13,14,9,6,5,3,4,2,1,
"2025-10-07",58,29,22,18,26,15,,8,19,16,96,12,11,14,10,6,5,3,4,2,1,
"2025-10-08",55,26,22,21,27,14,,6,18,15,107,11,13,17,10,7,5,4,3,2,1,
"2025-10-09",56,24,23,19,28,12,,6,15,16,96,11,13,22,10,8,3,5,4,2,1,
"2025-10-10",62,21,22,19,32,11,,5,17,18,98,10,13,26,12,9,3,6,4,2,1,
"2025-10-11",64,22,23,19,36,10,,6,17,18,96,9,12,26,11,13,3,5,4,2,1,
"2025-10-12",65,22,24,19,35,9,,6,18,17,99,12,10,26,11,13,3,4,5,2,1,
"2025-10-13",64,25,21,18,27,12,,7,16,14,94,8,11,28,10,13,3,4,5,2,1,
"2025-10-14",56,28,20,16,23,15,,8,17,13,93,9,10,34,7,12,5,3,4,2,1,
"2025-10-15",56,26,20,16,27,17,,9,15,13,93,8,10,28,7,11,5,3,4,2,1,
"2025-10-16",53,24,21,19,22,13,,11,17,15,95,8,9,25,7,12,3,5,4,2,1,
"2025-10-17",54,22,24,21,26,11,,16,19,18,97,8,9,20,6,17,3,5,4,2,1,
"2025-10-18",50,22,25,21,26,10,,16,17,13,101,7,9,20,6,14,3,4,5,2,1,
"2025-10-19",50,22,27,20,28,11,,16,18,14,96,7,9,19,6,17,3,4,5,2,1,
"2025-10-20",49,24,26,19,27,14,,12,16,11,91,9,10,21,6,13,3,4,5,2,1,
"2025-10-21",46,29,24,15,23,17,,9,16,12,80,10,11,25,7,13,4,3,5,2,1,
"2025-10-22",46,28,23,17,24,14,,13,15,11,83,8,10,25,7,12,3,4,5,2,1,
"2025-10-23",47,29,25,18,23,15,,12,14,11,77,8,10,19,7,13,3,4,5,2,1,
"2025-10-24",47,25,27,21,28,15,,10,17,11,82,6,9,16,8,14,3,5,4,2,1,
"2025-10-25",50,25,27,21,32,12,,15,18,14,69,6,9,10,7,13,3,5,4,2,1,
"2025-10-26",52,26,25,20,34,12,,16,19,15,65,6,9,11,8,13,3,5,4,2,1,
"2025-10-27",51,26,23,20,27,15,,14,18,13,68,8,10,12,9,11,3,5,4,2,1,
"2025-10-28",47,31,20,17,23,18,,13,16,14,76,10,12,15,8,9,5,4,3,2,1,
"2025-10-29",49,25,20,18,23,17,,14,16,13,88,10,11,15,8,9,5,4,3,2,1,
"2025-10-30",48,24,22,19,25,17,,15,16,13,67,9,11,14,6,10,3,5,4,2,1,
"2025-10-31",53,23,25,22,26,13,,17,16,15,61,8,9,14,6,10,3,5,4,2,1,
"2025-11-01",55,20,25,23,30,13,,17,16,15,58,7,9,14,6,10,3,5,4,2,1,
"2025-11-02",55,18,26,24,31,10,,21,16,12,57,7,9,13,6,11,3,5,4,2,1,
"2025-11-03",47,18,25,22,24,14,,15,16,11,63,7,9,13,6,10,3,5,4,2,1,
"2025-11-04",44,18,24,19,22,17,,14,15,12,60,10,8,13,6,9,5,3,4,2,1,
"2025-11-05",43,23,25,21,22,19,,13,17,14,60,10,9,12,6,7,5,4,3,2,1,
"2025-11-06",47,20,25,23,27,18,,15,17,13,63,6,8,9,7,10,5,4,3,2,1,
"2025-11-07",48,18,25,24,27,13,,15,16,12,61,7,9,6,8,11,3,5,4,2,1,
"2025-11-08",50,18,25,22,30,11,,15,17,12,59,7,9,6,8,10,3,5,4,2,1,
"2025-11-09",52,17,26,23,31,11,,15,16,12,44,7,9,6,8,10,3,4,5,2,1,
"2025-11-10",48,19,23,20,26,14,6,13,17,12,40,9,10,7,8,11,3,4,5,2,1,
"2025-11-11",48,19,23,20,26,14,6,13,17,12,40,9,10,7,8,11,3,4,5,2,1,
"2025-11-12",48,19,23,20,26,14,6,13,17,12,40,9,10,7,8,11,3,4,5,2,1,
"2025-11-13",47,18,22,19,25,13,,12,16,11,39,8,9,6,7,10,3,4,5,2,1,
"2025-11-14",47,18,22,19,25,13,,12,16,11,39,8,9,6,7,10,3,4,5,2,1,
"2025-11-15",46,18,19,20,24,11,,14,15,12,21,8,10,9,6,7,3,5,4,2,1,
"2025-11-16",48,18,19,22,24,13,9,14,16,12,26,8,11,10,6,7,3,4,5,2,1,
"2025-11-17",48,21,20,22,23,12,17,13,15,11,16,9,10,8,7,6,5,4,3,2,1,
"2025-11-18",46,23,19,18,17,16,15,13,14,11,12,10,9,8,7,6,5,4,3,2,1,
"2025-11-19",44,20,19,18,17,16,15,14,13,12,11,10,9,8,7,6,5,4,3,2,1,