"Date","Remitly: Money Transfer & Send","Google Wallet","PayPal","Wealthsimple - Grow your money","CIBC Mobile Banking®","TD Canada","FreeCash - Earn Real Money","Scotiabank Mobile Banking","KOHO: Canada's Money App","Bree: Canada's Cash App","BMO Mobile Banking","Wise: International Transfers","my Sun Life (CA)","Intact Insurance: Mobile app","Kraken: Buy Crypto & Bitcoin","Testerup: Test Games for Cash","Subscription Manager","National Bank of Canada","Tangerine Mobile Banking","Annotations"
"2024-11-19",1726,5197,3663,3631,3194,3162,778,1939,1799,144,1806,1187,1714,884,566,1507,,527,1022,
"2024-11-20",1809,5375,3711,3998,3219,3153,715,1979,1865,155,1604,1137,1603,860,600,1501,,563,993,
"2024-11-21",1694,5591,3778,4312,3270,3156,780,1855,1875,155,1533,983,1443,829,674,1495,,552,934,
"2024-11-22",1650,5894,3848,4606,3345,3206,1002,1789,2066,141,1431,1048,992,646,833,1500,,484,1073,
"2024-11-23",1518,5656,3474,4086,3133,2839,1155,2093,1676,130,1425,1098,775,493,964,1599,,419,976,
"2024-11-24",1467,5226,3215,3792,2988,2556,1176,1910,1863,128,1357,1108,614,637,903,1548,,413,821,
"2024-11-25",1440,5441,3617,4135,3430,2921,1357,2123,2081,139,1570,1185,732,694,835,1765,,466,815,
"2024-11-26",1407,5622,3754,4266,3500,3045,1408,1954,1846,138,1503,1119,1190,692,759,1646,,515,975,
"2024-11-27",1425,5695,3771,4166,3549,3185,1375,2239,2056,133,1644,1084,1436,759,723,1574,,571,1037,
"2024-11-28",1434,5890,4049,4122,3763,3517,1441,2905,2170,138,1846,1104,1165,857,760,1706,,632,1003,
"2024-11-29",1414,5828,3980,4070,3648,3493,1421,2734,1966,140,1824,1100,944,716,882,1660,,565,980,
"2024-11-30",1377,5556,3614,3717,3332,3207,1367,2474,1913,140,1967,1111,873,624,953,1553,,489,981,
"2024-12-01",1358,5342,3329,3915,3032,2841,1398,2092,1855,137,1918,1081,843,578,948,1380,,426,926,
"2024-12-02",1507,5604,3729,4794,3351,3065,1410,2326,1988,137,1768,866,627,633,1135,1529,,481,955,
"2024-12-03",1540,5402,3692,4651,3396,3067,1441,2408,2108,125,1848,852,764,644,1204,1511,,473,754,
"2024-12-04",1590,5368,3761,4562,3503,3078,1479,2124,2089,124,1605,946,1109,672,1223,1540,,511,710,
"2024-12-05",1529,5677,3664,4650,3492,3169,1269,2656,1896,130,1703,946,1143,649,1150,1588,,574,713,
"2024-12-06",1484,5886,3762,4607,3560,3241,1241,2683,2017,133,1983,988,1265,581,1135,1661,,516,736,
"2024-12-07",1432,5320,3258,4187,2975,2664,1381,2467,1856,126,1579,1027,776,435,1084,1684,,351,725,
"2024-12-08",1444,5174,2972,4065,2783,2426,1439,2008,1790,128,1520,1060,718,497,1099,1637,,346,728,
"2024-12-09",1533,5370,3417,4456,3197,2834,1504,2202,1789,148,1693,1134,785,776,1274,1543,,456,751,
"2024-12-10",1533,5261,3485,4422,3262,2941,1506,2261,1848,156,2080,1023,1019,1093,1118,1447,,522,811,
"2024-12-11",1543,5595,3421,4488,3246,3304,1536,2391,1860,152,2162,952,1144,1118,1047,1425,,553,771,
"2024-12-12",1553,5296,3437,4528,3310,3041,1518,2422,1902,148,2037,915,1100,1041,1087,1448,,571,778,
"2024-12-13",1552,5288,3503,4217,3293,3170,1448,2523,1861,146,1942,1063,1112,719,1030,1571,,509,728,
"2024-12-14",1465,4964,3207,3803,2911,2473,1510,1771,1794,143,2136,1127,718,490,985,1602,,370,726,
"2024-12-15",1316,4662,2801,3554,2710,2408,1470,1412,1712,134,1793,970,643,443,1001,1630,,316,751,
"2024-12-16",1403,5057,3293,4132,2966,2741,1469,1750,1599,142,1746,1071,906,604,1104,1991,,410,801,
"2024-12-17",1491,5080,3532,4423,3088,2850,1518,1842,1580,144,1580,1251,1039,725,1023,1893,,512,828,
"2024-12-18",1533,5270,3648,4654,3291,3112,1528,2231,1465,152,1760,1143,1119,790,974,2095,,555,793,
"2024-12-19",1480,5518,3747,4613,3465,3168,1527,2017,1512,164,2217,1018,1041,822,832,2586,,566,754,
"2024-12-20",1442,4223,3329,3843,3125,2937,1587,2482,1639,162,2111,959,768,726,757,2287,,507,735,
"2024-12-21",1622,5421,3622,4009,3156,3116,1826,1778,1817,168,1546,1134,605,604,861,2531,,414,794,
"2024-12-22",1541,4993,3471,3533,2911,2605,1906,1727,1653,157,1381,1139,631,579,860,2308,,454,802,
"2024-12-23",1907,5445,4132,4510,3818,3753,2918,2364,1843,191,1646,1345,915,624,1063,2182,,675,910,
"2024-12-24",2071,5262,4060,4705,3828,3635,3573,2422,2017,151,1914,1358,800,675,1064,2475,,615,984,
"2024-12-25",2107,5452,4286,4812,4324,3599,3105,2367,2172,119,2025,1429,636,686,1079,2812,,435,1058,
"2024-12-26",2114,5624,4588,4982,4081,3893,3211,2478,2287,113,2043,1580,620,711,1052,3136,,513,1112,
"2024-12-27",2097,5460,4389,4715,3893,3782,3004,2597,2197,128,2014,1494,703,651,944,3471,,649,1048,
"2024-12-28",1952,5381,4192,4620,3079,3032,3006,2235,2237,128,1833,1290,663,574,912,3428,,516,1018,
"2024-12-29",1628,5303,3769,4189,2987,2639,2553,2044,2026,128,1550,1105,605,536,779,3072,,446,926,
"2024-12-30",1712,5718,4428,4898,3523,3486,2571,2323,2044,184,1767,1336,854,716,872,3199,,613,1090,
"2024-12-31",1493,5216,3960,4354,3442,3105,2300,2020,1759,190,1541,1241,963,726,854,2802,,646,1029,
"2025-01-01",1412,4710,3534,4006,2940,2581,2153,2092,1739,168,1493,1132,1099,635,844,2382,,537,983,
"2025-01-02",1800,5754,4374,4808,3852,2683,3177,2212,1986,192,1840,1313,1592,702,997,2700,,555,1149,
"2025-01-03",1905,5845,4509,4979,3935,2921,3023,2155,1930,192,1892,1266,1460,715,927,2957,,539,1114,
"2025-01-04",1824,5704,3973,4374,3142,2515,2768,2101,1885,189,1852,1289,1136,549,876,2819,,487,1064,
"2025-01-05",1634,4818,3398,3882,2995,2192,2622,1901,1648,193,1711,1222,1072,504,748,2416,,527,1018,
"2025-01-06",1571,5201,3677,4178,3342,2464,2711,1829,1705,217,1595,1177,1355,720,729,2505,,664,1124,
"2025-01-07",1185,4878,3762,4262,3131,2657,2990,1811,1728,244,1559,1145,1796,944,590,1954,,690,1219,
"2025-01-08",1275,5353,3963,4418,3475,3226,2355,1925,1474,245,1546,1073,1934,942,613,2215,,772,1212,
"2025-01-09",1440,5465,3917,3635,3842,3502,2434,2266,1497,229,1520,1033,1552,916,679,2621,,779,1196,
"2025-01-10",1468,5690,3796,3473,3918,3376,2487,2396,1760,239,1629,1068,1240,858,662,2829,,616,1161,
"2025-01-11",1423,5285,3386,3095,3327,2688,2443,1885,1696,270,1682,1024,922,654,632,2568,,391,1109,
"2025-01-12",1340,5044,3193,2899,3142,2453,2508,1744,1488,274,1595,950,1071,613,654,2331,,403,1191,
"2025-01-13",1301,5066,3572,3073,3428,2809,2771,1995,1790,277,1703,965,1426,766,727,2402,,606,1356,
"2025-01-14",1283,5369,3746,3600,3820,2903,2898,2243,1714,268,1818,1006,1552,837,774,2366,,704,1295,
"2025-01-15",1314,5407,3830,4088,3891,3273,3157,2482,1423,250,1611,1062,1566,880,792,2421,,752,1236,
"2025-01-16",1276,5733,3613,4286,4178,3388,2826,2372,1882,229,1638,986,1664,861,778,2396,,692,1072,
"2025-01-17",1216,5193,3650,3571,4220,2908,2842,2002,1645,226,1962,918,1238,826,799,1932,,656,1008,
"2025-01-18",1176,5054,3084,3949,2750,2059,2181,1261,1649,209,1488,858,1048,461,1143,2571,,350,844,
"2025-01-19",1058,4946,2629,3841,2536,2026,1896,1238,1182,189,1113,852,719,408,1496,2519,,313,833,
"2025-01-20",1149,5164,2877,4489,3046,2463,2187,1777,1353,201,1225,922,921,562,1380,2854,,412,960,
"2025-01-21",1140,5185,3094,4473,3607,2678,2395,1771,1397,211,1325,933,1078,660,1146,2722,,517,968,
"2025-01-22",1104,5065,3411,4217,4266,2915,2451,1860,1556,226,1539,918,1154,743,1065,2628,,579,1027,
"2025-01-23",1177,5073,3572,4099,4490,3149,2546,2386,1583,241,1719,931,1278,745,1014,2574,,637,1077,
"2025-01-24",1298,5549,3721,4062,4776,3396,2736,2515,1717,256,1876,905,1189,793,932,2651,,685,1193,
"2025-01-25",1382,5464,3457,3683,4119,3053,2561,2209,1918,255,1993,887,827,712,891,2465,,526,1238,
"2025-01-26",1358,5274,3074,3459,3683,2662,2315,1971,1773,255,1609,896,712,645,880,2411,,442,1171,
"2025-01-27",1367,5350,3342,3747,3956,4008,2253,1593,1929,266,1870,987,903,678,905,2512,,512,1192,
"2025-01-28",1241,5295,3373,4220,3763,5708,2087,1824,1686,256,1438,1061,1120,734,906,2714,,586,1187,
"2025-01-29",1225,5225,3218,4391,3924,6458,2221,2402,1741,257,1618,1010,1149,849,887,2672,,679,1260,
"2025-01-30",1358,5613,3685,4502,4265,5306,2145,2836,2289,264,1817,997,1189,848,916,2710,,718,1320,
"2025-01-31",1493,5873,3877,4528,4498,5039,2179,3042,2510,253,2256,1070,1056,864,888,2787,,711,1317,
"2025-02-01",1405,5411,3418,3777,3846,4262,1796,2565,2293,229,1887,1125,956,819,769,2560,,614,1122,
"2025-02-02",1354,5052,3143,3441,3629,3641,1590,2248,2127,224,1906,1143,933,782,771,2403,,552,1071,
"2025-02-03",1579,5334,3646,3933,4384,3932,1703,2537,2456,258,1814,1275,1050,857,902,2910,,627,1261,
"2025-02-04",1620,5579,3806,4088,4772,4108,1305,2494,2653,295,1681,1276,1144,844,844,3079,,644,1197,
"2025-02-05",1590,5559,3842,4037,4969,4457,1287,2645,2654,316,1828,1226,1234,867,747,3040,,683,1134,
"2025-02-06",1555,5503,3921,4040,4977,4524,1311,2959,2743,328,1927,1261,1276,906,654,3034,,730,1132,
"2025-02-07",1535,5658,3997,4039,4713,4380,1423,3028,2812,322,2349,1354,1228,830,609,3037,,704,1127,
"2025-02-08",1509,5253,3397,3465,3890,3326,1426,2523,2461,302,2360,1328,952,732,593,2528,,589,1061,
"2025-02-09",1444,4797,3190,3032,3506,2780,1320,2069,2335,296,1688,1191,789,659,600,2209,,501,984,
"2025-02-10",1314,4549,3119,3097,3542,3029,1168,2135,2383,283,1475,1142,847,661,549,2163,,495,884,
"2025-02-11",1501,5036,3589,3454,4028,3504,1204,2605,2666,350,1820,1332,1126,827,582,2392,,621,1010,
"2025-02-12",1497,4896,3582,3396,4051,3515,1166,2538,2683,363,1737,1309,1165,864,574,2339,,643,1054,
"2025-02-13",1520,4979,3848,3326,4148,3768,1183,2597,2768,369,2071,1283,1110,883,537,2484,,643,1059,
"2025-02-14",1503,4894,3878,3327,4416,3790,1205,2570,2754,365,2062,1285,1016,834,493,2716,,628,1047,
"2025-02-15",1471,4577,3543,2933,4166,3000,1202,2234,2433,339,1797,1286,765,725,412,2623,,561,1055,
"2025-02-16",1429,4224,3232,2708,4006,2056,1200,1618,2149,320,1417,1180,657,674,401,2428,,475,1009,
"2025-02-17",1539,4550,3690,3143,4416,2379,1338,1871,2318,345,1632,1280,765,764,441,2661,,582,1025,
"2025-02-18",1529,4571,3843,3145,4295,2554,1310,1847,2528,341,1757,1277,879,814,441,2430,,838,1013,
"2025-02-19",1368,4639,3860,3058,4465,3022,1051,2225,2684,299,1716,1225,1029,793,440,2201,,1128,933,
"2025-02-20",1340,4967,3847,3150,4535,3477,847,2403,2799,273,1503,1213,1102,823,448,2052,,1151,946,
"2025-02-21",1346,5212,3782,3153,4461,3556,794,2414,2853,250,1889,1203,939,832,425,2048,,1046,997,
"2025-02-22",1337,4952,3303,2896,3775,2804,833,2066,2562,236,1795,1208,774,752,377,1778,63,877,1014,
"2025-02-23",1310,4523,2957,2618,3445,2341,867,1849,2275,240,1514,1143,748,702,350,1761,69,742,990,
"2025-02-24",1474,4828,3556,3195,3674,2918,923,2092,2607,277,1727,1315,924,767,401,1933,82,755,1133,
"2025-02-25",1440,5135,3756,3338,3992,3185,697,1865,2728,273,1601,1294,1032,807,420,2096,92,810,1097,
"2025-02-26",1355,5042,3726,3323,4112,2997,550,1856,2743,257,1764,1130,1065,794,407,1962,105,808,1017,
"2025-02-27",1381,5184,3653,3335,4468,3145,543,2122,2798,259,2209,990,1081,852,430,2074,117,860,978,
"2025-02-28",1496,5544,3903,3309,4578,3414,562,2849,2854,269,2407,1020,965,881,430,2054,116,878,998,
"2025-03-01",1541,5271,3528,2953,3984,2979,519,2750,2665,267,1744,1141,925,843,408,2301,109,857,998,
"2025-03-02",1421,4921,3193,2883,3302,2743,502,2379,2406,258,1733,1084,876,794,426,1796,108,729,1016,
"2025-03-03",1579,5116,3484,3396,3183,3200,589,2612,2736,250,1996,1161,1070,882,478,1935,124,830,1237,
"2025-03-04",1515,5016,3579,3406,3694,3267,650,2545,2673,247,1831,1152,1215,910,481,1973,130,881,1233,
"2025-03-05",1496,5002,3524,3337,4010,3194,757,2550,2606,258,1801,1129,1226,897,451,1885,127,864,1194,
"2025-03-06",1513,5007,3690,3300,3927,3309,770,2557,2706,268,1913,1105,1224,884,439,1905,128,845,1184,
"2025-03-07",1568,5006,3761,3372,3822,3443,780,2616,2883,281,2502,1154,1070,940,429,1944,130,832,1141,
"2025-03-08",1554,4729,3421,3022,3164,2913,757,2582,2580,273,1865,1217,897,893,395,1846,126,642,1093,
"2025-03-09",1425,4436,3089,2696,2788,2409,745,2059,2309,259,1642,1157,784,823,377,1708,121,530,1017,
"2025-03-10",1540,4917,3685,3237,3158,3005,771,2327,2636,273,1689,1285,930,890,395,1987,141,575,1137,
"2025-03-11",1558,5086,3750,3376,3415,3074,705,2284,2659,263,1749,1266,1037,881,375,1904,154,630,1190,
"2025-03-12",1541,5017,3656,3273,3366,3066,697,2360,2596,253,1787,1208,1068,862,365,1812,162,683,1189,
"2025-03-13",1632,5059,3827,3591,3583,3315,770,2476,2832,268,1910,1289,1149,917,387,1961,167,725,1279,
"2025-03-14",1658,5029,3794,3397,3747,3401,871,2660,2958,272,1905,1314,1126,1010,331,1766,166,755,1218,
"2025-03-15",1620,4739,3521,2918,3219,2925,938,2232,2636,249,2107,1281,900,942,270,1702,166,661,1160,
"2025-03-16",1487,4524,3387,2710,2890,2672,891,2027,2463,227,1883,1248,816,833,254,1658,157,555,1177,
"2025-03-17",1608,4850,3925,3220,3336,3179,979,2368,2898,251,1970,1413,940,1005,303,1879,152,615,1259,
"2025-03-18",1648,5071,3987,3207,3446,3235,945,2163,2928,253,1682,1346,1086,1085,338,1845,101,687,1179,
"2025-03-19",1667,5139,3995,3163,3476,3254,913,2250,2988,250,1644,1284,1210,1102,346,1878,81,746,1119,
"2025-03-20",1616,5354,4046,3140,3599,3333,805,2280,3008,254,1653,1208,1167,1068,352,1874,62,752,1106,
"2025-03-21",1679,5540,4081,3069,3685,3603,780,2775,3098,263,1901,1293,1179,1103,346,2112,56,787,1151,
"2025-03-22",1607,5002,3626,2643,3126,3036,768,2422,2750,225,1847,1343,998,949,310,2139,54,641,1144,
"2025-03-23",1558,4528,3402,2445,2977,2699,759,2202,2494,191,1768,1310,907,855,300,2130,52,563,1104,
"2025-03-24",1710,4730,3852,2905,3446,3171,747,2605,2944,207,2114,1403,1038,945,318,2337,57,666,1100,
"2025-03-25",1728,5141,3950,3054,3696,3351,662,2663,3081,224,2268,1212,1102,963,324,2509,58,730,986,
"2025-03-26",1710,5316,3948,3047,3790,3420,672,2693,3116,241,1965,1136,1123,1094,336,2489,54,766,1022,
"2025-03-27",1780,5295,4115,3035,3798,3572,710,2786,3180,243,1945,1124,1135,1218,344,2541,53,808,1063,
"2025-03-28",1799,5454,4136,3084,3924,3727,708,2910,3309,225,2321,1134,1175,1234,337,2427,48,823,1042,
"2025-03-29",1775,5004,3639,2657,3382,3126,767,2498,2848,214,2165,1212,919,1096,281,2452,46,676,1113,
"2025-03-30",1727,4780,3571,2475,3376,2792,819,2297,2614,220,1858,1290,824,947,270,2383,,559,1136,
"2025-03-31",1831,4985,3935,2763,3918,3157,900,2567,2943,254,2108,1410,1068,1021,302,2469,,652,1261,
"2025-04-01",1673,5283,3876,2800,4051,3281,886,2603,3036,242,2083,1441,1258,1071,304,2487,,705,1283,
"2025-04-02",1645,5295,4013,2772,4202,3475,742,2732,3088,218,1886,1392,1451,1152,356,2307,,754,1264,
"2025-04-03",1678,5397,4119,2927,4225,3762,658,2816,3101,198,1954,1318,1447,1149,383,2466,,744,1193,
"2025-04-04",1824,5830,4266,3204,4242,3737,760,2859,3190,187,2197,1301,1041,1120,382,2451,,683,1171,
"2025-04-05",1759,4857,3600,2710,3583,2735,969,2306,2504,179,2045,1303,894,820,290,2321,,633,1001,
"2025-04-06",1787,4671,3292,2568,3509,2650,1040,2000,2318,179,1749,1300,781,782,286,2105,,557,978,
"2025-04-07",1767,5270,3914,3218,4288,3240,1082,2504,2904,202,2091,1426,1097,997,333,2578,,593,1084,
"2025-04-08",1743,5219,3744,3116,4021,3116,1045,2496,2804,206,1638,1448,1359,1019,317,2495,,600,1089,
"2025-04-09",1807,5305,3847,3151,4153,3062,902,2556,2804,206,1683,1322,1382,1035,307,2392,,630,1124,
"2025-04-10",1983,5593,3635,3231,4181,3157,865,2407,2804,225,1957,1217,1509,912,362,2078,,721,1292,
"2025-04-11",2257,5453,3694,2672,4116,3236,954,2345,2820,229,1957,1353,1050,884,428,2490,,670,1158,
"2025-04-12",2284,4933,3322,2472,3665,2882,943,2101,2503,203,1696,1422,796,768,398,2265,,543,909,
"2025-04-13",1927,4674,3100,2105,3351,2594,959,1712,2285,196,1541,1312,718,754,356,2163,,468,909,
"2025-04-14",2034,5151,3711,2735,4040,3093,1052,2152,2752,233,1857,1498,884,894,398,2501,,565,1094,
"2025-04-15",2194,5070,3683,2624,4039,2981,906,2024,2795,265,2126,1513,1024,1046,407,2193,,640,1127,
"2025-04-16",2138,5207,3781,2351,4216,3422,873,2280,2991,297,1780,1483,1134,1302,437,2615,,684,1110,
"2025-04-17",2064,5154,3826,2200,4231,3387,846,2505,3007,301,1829,1430,1132,1241,398,2685,101,667,1067,
"2025-04-18",2076,5211,3901,2191,4123,3380,852,2465,3012,278,2041,1465,1080,1176,360,2754,119,623,1103,
"2025-04-19",1905,4634,3377,2106,3489,2630,975,2183,2619,236,1880,1243,755,975,314,2441,157,499,1009,
"2025-04-20",1935,4276,3280,2158,2851,2435,1288,1701,2408,233,1490,1175,611,833,308,2353,258,439,981,
"2025-04-21",1941,4432,3675,2304,3373,2711,1406,2190,2756,286,1731,1347,714,929,365,2771,408,543,1099,
"2025-04-22",1861,4549,3861,2291,3920,3091,1374,1955,2844,301,1972,1347,837,1019,379,2590,471,647,1213,
"2025-04-23",1855,5066,3939,2306,3970,3276,1109,2111,2829,286,1741,1299,864,1220,382,2600,441,710,1113,
"2025-04-24",1776,5374,3948,2335,4185,3443,951,2502,3028,276,1705,1229,846,1348,380,2654,408,686,944,
"2025-04-25",1866,5721,4162,2317,4230,3706,1043,2635,3228,294,1861,1213,864,1485,382,2861,433,666,903,
"2025-04-26",1659,5183,3698,1935,3692,3039,1205,2149,2857,278,2031,1072,725,1127,340,2439,462,539,857,
"2025-04-27",1559,4697,3551,1599,3201,2818,1372,2025,2643,292,1641,1120,678,935,341,2315,580,524,949,
"2025-04-28",1623,4836,4032,1800,3682,3266,1557,2263,2971,327,1807,1261,811,1100,401,2676,756,659,1104,
"2025-04-29",1728,5173,4473,2058,4021,3357,1818,2129,3154,324,1615,1245,820,1291,420,2731,809,709,1025,
"2025-04-30",1724,5245,4379,2074,4064,3489,1968,2221,3120,323,1660,1182,957,1300,438,2555,771,725,908,
"2025-05-01",1748,5287,4281,2106,4117,3491,1981,2296,3047,341,1691,1139,1120,1280,443,2669,802,731,936,
"2025-05-02",1766,5376,4164,2379,4114,3650,2056,2655,2994,363,1788,1238,999,1246,439,2765,843,727,969,
"2025-05-03",1655,5388,3661,2111,3573,3128,1906,2271,2694,321,1820,1222,756,971,379,2503,758,571,906,
"2025-05-04",1577,4836,3561,1989,3019,2763,1855,2084,2501,308,1542,1129,675,941,372,2302,749,509,857,
"2025-05-05",1762,5114,4062,2215,3488,3201,2438,2374,2914,354,1771,1206,844,1286,429,2585,840,604,974,
"2025-05-06",1768,5163,4278,2288,3854,3403,2525,2539,3027,380,2098,1259,961,1459,435,2661,879,682,959,
"2025-05-07",1589,5178,4245,2051,3715,3434,2241,2503,2937,369,1734,1155,959,1426,418,2549,845,701,891,
"2025-05-08",1534,5312,4110,2015,3727,3566,2693,2607,2992,367,1720,1117,933,1501,464,2589,872,741,933,
"2025-05-09",1564,5685,4243,2114,3963,3775,3190,2751,3130,349,2041,1105,877,1497,484,2655,863,748,954,
"2025-05-10",1458,5226,3622,2037,3306,3006,2708,2251,2630,282,1825,992,721,1278,455,2283,755,622,824,
"2025-05-11",1450,4862,3472,1843,3112,2521,2623,2020,2452,278,1588,932,689,1192,492,2160,731,557,773,
"2025-05-12",1770,5140,4142,2082,3665,2939,3228,2333,2980,350,1907,1159,794,1471,611,2598,900,615,896,
"2025-05-13",1604,5377,4272,2237,3766,3361,3130,2378,3037,371,1971,1208,951,1646,629,2664,850,641,910,
"2025-05-14",1466,5387,4299,2214,3682,3460,2856,2407,3031,374,1617,1070,1076,1544,627,2548,771,670,864,
"2025-05-15",1567,5287,4273,2062,3752,3570,2867,2529,3023,379,1579,1063,1081,1722,674,2448,723,723,870,
"2025-05-16",1693,5600,4491,2224,4165,3806,3139,2688,3166,382,2004,1179,927,1863,677,2538,643,731,888,
"2025-05-17",1550,4960,3824,1809,3497,3158,2922,2196,2718,344,2094,1185,755,1708,587,2315,459,583,864,
"2025-05-18",1466,4490,3553,1726,2843,2147,2702,1578,2466,354,1798,1089,654,1218,581,1984,357,478,862,
"2025-05-19",1702,4853,4223,2200,3356,2690,3282,1995,2988,449,2329,1232,802,1523,756,2313,302,594,1064,
"2025-05-20",1667,4864,4395,2077,3603,3144,3308,2127,3008,430,1729,1158,994,1614,749,2474,208,651,972,
"2025-05-21",1600,4930,4238,1635,3671,3202,2929,2237,2956,382,1796,1007,1157,1681,716,2402,156,668,871,
"2025-05-22",1623,5198,4324,1920,3938,3358,2980,2317,2967,355,1908,1054,1235,1740,788,2240,133,692,881,
"2025-05-23",1661,5374,4254,2136,4256,3639,2988,2473,3077,322,2042,1114,970,1814,1047,2245,122,679,912,
"2025-05-24",1525,4954,3657,1838,3538,3096,2755,2060,2641,259,2243,1045,756,1212,1136,2067,105,568,825,
"2025-05-25",1516,4400,3455,1598,3319,2728,2468,2060,2410,242,1990,1022,701,1180,1157,1957,103,477,812,
"2025-05-26",1825,5121,4138,1777,3220,3355,2954,2139,2989,297,2254,1027,872,1344,1156,2433,127,562,867,
"2025-05-27",1652,5195,4242,1926,3618,3487,2155,1904,2978,291,2344,1143,1003,1160,1140,2114,137,619,816,
"2025-05-28",1652,5256,4227,1586,3391,3117,2023,2044,2789,279,2340,1119,1181,1321,900,1964,127,643,770,
"2025-05-29",1823,5252,4307,1745,3632,3308,2278,2291,2843,292,2130,1336,1151,1449,908,2419,113,704,838,
"2025-05-30",1806,5312,4173,1823,3710,3601,2377,2237,2890,260,2383,1211,949,1301,935,2492,103,638,836,
"2025-05-31",1730,5156,3841,1659,3152,3167,1893,2383,2558,254,2432,1104,815,1070,1013,2386,104,535,810,
"2025-06-01",1741,5120,3656,1626,2768,2924,1942,2142,2407,266,1822,1171,824,990,1173,2279,113,485,822,
"2025-06-02",1927,5402,4378,1734,3241,3545,2233,2577,2840,294,2223,1257,947,1212,1364,2659,124,622,964,
"2025-06-03",1741,5862,4734,1622,4265,3717,2441,2737,3117,277,2100,1045,1216,1304,1535,2263,135,670,1012,
"2025-06-04",2078,5572,4373,1785,4355,3820,2526,2384,3037,265,2252,1007,1389,1310,1258,2389,138,678,892,
"2025-06-05",2028,5888,4465,1581,3950,4189,2576,2832,3075,282,2362,1183,1386,1249,1083,2627,133,748,832,
"2025-06-06",1935,6157,4582,1594,4062,4161,2390,2983,3179,304,2376,1061,1466,1387,1159,2684,124,747,879,
"2025-06-07",1788,5665,4024,1779,3324,3418,2168,2393,2682,299,2127,1079,1018,1260,1147,2406,113,578,850,
"2025-06-08",1865,5166,3782,1908,2970,2915,2084,2097,2472,293,1754,1253,891,1034,1200,2229,116,477,848,
"2025-06-09",1858,5576,4501,2097,3634,3595,2252,2609,3004,322,2019,1334,1218,1157,1185,2843,136,569,975,
"2025-06-10",1804,5684,4637,1837,3793,3665,2229,2675,3011,306,2185,1349,1472,1229,970,2899,136,628,1035,
"2025-06-11",1608,5533,4549,2127,3830,3773,2123,2685,2852,318,2236,1192,1545,1238,862,2894,122,658,1020,
"2025-06-12",1593,5726,4342,2520,3762,3666,2429,2721,2840,355,2245,1156,1508,1239,889,2886,108,686,999,
"2025-06-13",1700,5311,4399,2605,3870,3543,2603,3064,3088,378,2125,1188,1565,1242,901,2688,107,687,1035,
"2025-06-14",1673,4768,3931,1879,3450,2899,2067,2224,2586,362,1856,1316,982,988,806,2627,112,565,1043,
"2025-06-15",1706,4602,3713,2088,3121,2577,2002,2229,2300,384,1715,1312,803,919,771,2545,130,490,1114,
"2025-06-16",1765,5246,4478,2575,3670,3282,2235,2646,2889,440,1898,1414,993,1142,833,3107,150,585,1268,
"2025-06-17",1738,5673,4588,2266,4082,3657,2422,2819,2811,433,1953,1485,1288,1189,838,3112,156,668,1008,
"2025-06-18",1613,5823,4592,2172,4155,3783,2699,2818,2629,390,1587,1337,1609,1185,830,3056,147,733,961,
"2025-06-19",1552,5972,4561,2171,4223,3829,2718,2797,2629,339,1442,1258,1544,1239,792,2950,132,780,1065,
"2025-06-20",1551,6246,4595,2590,4372,3941,2542,2853,2877,310,1533,1250,1362,1215,784,3175,123,728,1107,
"2025-06-21",1553,5695,4039,2189,3734,3278,2321,2331,2563,305,1715,1241,1447,1033,776,2970,121,621,1063,
"2025-06-22",1587,5209,3762,2022,3386,2970,2194,2126,2424,310,1600,1189,1336,905,743,2749,133,575,969,
"2025-06-23",1648,5496,4311,2348,3741,3401,2197,2030,2396,335,1823,1349,1551,1033,823,3258,151,636,1137,
"2025-06-24",1554,5322,4350,2485,3708,3389,2206,2292,2425,326,1980,1335,1557,1042,802,3358,145,612,1190,
"2025-06-25",1468,5345,4455,2523,3816,3552,1943,2485,2739,335,2193,1271,1859,1076,760,3337,130,651,1180,
"2025-06-26",1447,5422,4507,2539,3931,3653,1734,3009,2741,339,1824,1250,2121,1113,701,3322,114,734,1039,
"2025-06-27",1589,5899,4654,2543,4202,3827,1698,3190,2760,343,2032,1267,2120,1149,685,3364,100,756,997,
"2025-06-28",1537,5544,4136,2660,3731,3342,1567,2704,2599,317,1998,1188,1860,1029,687,3015,88,623,1024,
"2025-06-29",1450,5276,3880,2437,3469,3081,1532,2472,2497,299,1830,1093,2081,907,693,2720,90,553,945,
"2025-06-30",1760,5833,4757,2521,3981,3650,1865,2968,3083,363,1751,1333,2531,996,849,3459,114,648,1161,
"2025-07-01",1901,5831,4847,2631,4244,3787,2004,2663,3088,378,1759,1442,2045,1042,868,3454,123,707,1212,
"2025-07-02",1827,5600,4725,2591,4263,3792,1915,2665,2840,329,1879,1376,2398,1082,800,3459,123,730,1211,
"2025-07-03",1744,5905,4815,2570,4369,4003,1708,3134,2844,311,1787,1313,2652,1198,757,3490,119,733,1201,
"2025-07-04",1715,6179,4845,2511,4329,3981,1564,3162,2922,293,1853,1198,2800,1133,719,3537,106,701,1171,
"2025-07-05",1689,5900,4280,2287,3878,3491,1516,2713,2673,310,1778,1143,2385,986,698,3236,90,658,1161,
"2025-07-06",1587,5324,3890,2153,3469,3067,1396,2552,2423,312,1563,1099,1814,863,654,2836,82,602,1032,
"2025-07-07",1609,5984,4642,2749,4056,3679,1652,2594,2890,349,1683,1323,2524,1030,757,3466,89,666,1180,
"2025-07-08",1598,5756,4697,2503,4046,3848,1728,2695,2970,337,2045,1404,2244,1081,769,3472,95,676,1254,
"2025-07-09",1654,5853,4732,2546,4022,3837,1725,2799,2737,369,1996,1185,2355,1115,788,3499,101,669,1272,
"2025-07-10",1622,5697,4713,2759,3917,3528,1635,2320,2552,506,2554,1067,2156,1220,938,3288,105,657,1268,
"2025-07-11",1649,5804,4694,2811,4206,3664,1441,2613,2469,694,2145,1054,2054,1072,1057,3221,113,653,1322,
"2025-07-12",1641,5738,4089,2651,3711,3333,1143,2494,2369,628,1503,1064,1776,867,1071,3066,117,520,1271,
"2025-07-13",1520,5240,3806,2397,3315,2964,1026,2085,2226,527,1784,1082,1615,800,1190,2801,115,437,1173,
"2025-07-14",1667,5762,4572,2963,4121,3666,1230,2732,2647,661,2289,1249,1966,960,1516,3488,131,555,1393,
"2025-07-15",1490,5724,4524,2952,4080,3658,1227,2697,2606,693,1753,1236,2176,972,1461,3381,132,611,1408,
"2025-07-16",1350,5928,4578,2956,4376,3739,1307,2411,2529,663,1651,1096,1856,949,1305,3283,130,636,1396,
"2025-07-17",1396,6451,4854,3347,4461,3955,1482,2975,2642,711,1867,1115,1916,1021,1406,3255,131,679,1499,
"2025-07-18",1338,6412,4570,3334,4245,3860,1474,2975,2630,736,2004,1089,2095,939,1442,3063,123,616,1503,
"2025-07-19",1285,5609,4060,2973,3806,3386,1430,2508,2450,784,1990,990,1692,845,1438,2856,117,484,1522,
"2025-07-20",1191,5091,3872,2713,3281,2957,1593,2168,2253,774,1567,969,1477,828,1389,2567,124,410,1366,
"2025-07-21",1380,5712,4282,3170,3500,4289,2134,2544,2581,814,1697,1200,1629,972,1662,2897,150,495,1734,
"2025-07-22",1471,5780,4142,3268,3609,4435,2072,2642,2692,837,1753,1316,1809,1050,1813,2955,162,550,1898,
"2025-07-23",1480,5789,4250,3253,3652,4420,2011,2621,2658,860,1824,1325,2001,1055,1846,2975,166,557,1832,
"2025-07-24",1497,5774,4440,3331,3484,4258,2136,2718,2720,864,1810,1328,1975,1065,1882,3083,164,550,1908,
"2025-07-25",1440,5902,4579,3400,3486,4281,2177,2754,2753,848,1740,1311,2061,1054,1855,3208,157,537,2009,
"2025-07-26",1287,5576,4046,3003,3050,3906,2094,2455,2464,759,1517,1149,2135,940,1674,2763,142,490,1803,
"2025-07-27",1188,5209,3614,2711,2808,3632,1985,2232,2273,709,1408,1074,1922,879,1559,2504,138,463,1793,
"2025-07-28",1376,5976,4315,3332,3647,4405,2450,2738,2753,816,1599,1254,2218,1014,1780,3004,160,527,1976,
"2025-07-29",1370,5898,4410,3403,3729,4481,3070,2598,2801,812,1497,1252,1876,1013,1760,3044,161,513,2083,
"2025-07-30",1404,5811,4449,3434,3715,4488,3217,2592,2785,821,1516,1304,2035,1053,1795,3038,165,522,2124,
"2025-07-31",1438,5969,4478,3544,3775,5128,3360,2719,2891,820,1561,1331,2509,1074,1875,3166,164,531,2082,
"2025-08-01",1497,6084,4588,3609,3857,5191,3401,2741,2912,851,1631,1382,2529,1113,1951,3204,162,538,2141,
"2025-08-02",1308,5452,3782,2993,3203,4365,2830,2360,2492,748,1423,1211,2206,974,1710,2692,142,471,1900,
"2025-08-03",1270,5299,3724,2898,3117,4349,2760,2305,2425,728,1379,1177,2159,937,1665,2641,143,463,1859,
"2025-08-04",1411,5976,4485,3520,3750,5169,3361,2685,2892,813,1532,1305,2435,1051,1836,3180,166,526,2031,
"2025-08-05",1481,6035,4487,3504,3735,5224,3348,2707,2881,854,1612,1366,2488,1106,1922,3158,173,550,2138,
"2025-08-06",1674,5710,4504,3333,3660,4121,3454,2737,2911,862,1825,1538,2748,1262,1259,3251,177,612,1344,
"2025-08-07",1901,5762,4604,3439,3796,4464,3579,2786,2965,911,1779,1740,3037,1482,987,3260,180,696,1096,
"2025-08-08",1916,5800,4674,3581,3877,4838,3660,2814,3034,965,1633,1762,3021,1490,1008,3141,173,676,1230,
"2025-08-09",1745,5350,3837,3033,3208,3547,2959,2391,2610,965,1737,1534,2410,1225,1050,2656,151,484,1169,
"2025-08-10",1681,4999,3590,2729,2805,2963,2880,2470,2389,1009,1702,1423,2088,963,1135,2527,145,375,1066,
"2025-08-11",1988,5734,4549,3307,3528,3419,3554,2559,2867,1307,1984,1770,2808,1225,1296,3138,179,512,1168,
"2025-08-12",1938,5644,4600,3340,3648,3678,3171,2639,2846,1306,2111,1713,3388,1241,1154,3092,192,612,1040,
"2025-08-13",1937,5554,4667,3338,3680,3871,3053,2754,2813,1134,1843,1667,3463,1306,1179,3116,206,650,963,
"2025-08-14",1868,5736,4619,3388,3803,4193,2852,2889,2839,959,1760,1638,2935,1333,1166,3126,211,671,883,
"2025-08-15",1967,5728,4647,3427,3810,4156,2444,2772,2922,1150,2231,1745,2716,1299,1261,3205,206,602,933,
"2025-08-16",2005,5452,4080,2816,2954,2658,2023,2647,2730,1157,2201,1483,2303,839,1117,2894,174,423,797,
"2025-08-17",1976,5072,3890,2614,2848,2653,1979,2141,2367,1053,1953,1366,2084,777,1014,2620,156,390,733,
"2025-08-18",2181,5643,4913,3381,3593,4060,2469,2815,2985,1371,2100,1699,2459,1188,1272,3293,189,544,982,
"2025-08-19",1955,5659,5027,3449,3720,4276,2408,2932,2847,1436,2199,1681,2556,1267,1325,3109,192,581,1013,
"2025-08-20",1776,5597,4788,3287,3380,4086,2086,2473,2802,1275,2218,1614,2623,1256,1331,3018,182,597,957,
"2025-08-21",1820,6026,4972,3231,3698,4187,2359,2857,2864,1184,1947,1541,3065,1234,1381,3198,187,615,916,
"2025-08-22",1809,6407,4943,3183,4096,4036,2618,2734,2835,1233,2085,1490,2931,1161,1506,3371,197,525,918,
"2025-08-23",1812,5372,3959,2460,2577,3155,2334,1961,2630,1150,1894,1385,2476,709,1330,2922,196,420,892,
"2025-08-24",1684,5649,3943,2490,2734,3090,627,2077,2497,1172,1800,1414,2424,748,1380,2924,199,421,954,
"2025-08-25",1950,6591,4756,3304,3553,3732,749,2751,2991,1462,1982,1626,2428,1105,1835,3730,233,494,1189,
"2025-08-26",1983,6668,4676,3140,3431,3456,1358,2414,3068,1395,2034,1552,2692,1033,1786,3781,228,479,1186,
"2025-08-27",1985,6629,4723,3197,3622,3717,1465,2624,2859,1421,1887,1577,2610,1086,1811,3610,233,485,1200,
"2025-08-28",2014,6510,4789,3207,3522,3920,1247,2623,2921,1504,2040,1668,2643,1123,1890,3776,237,507,1291,
"2025-08-29",1944,6644,4912,3412,3793,4105,1367,2849,3001,1518,1976,1688,2629,1171,1967,3873,228,502,1301,
"2025-08-30",1802,6108,4105,2853,3167,3457,1574,2458,2631,1343,1812,1532,2309,1052,1818,3259,205,450,1197,
"2025-08-31",1652,6065,3996,2591,2841,3177,1600,2304,2448,1227,1665,1371,2115,940,1756,3210,195,407,1092,
"2025-09-01",1886,6969,4749,3083,3595,3711,2144,2561,2904,1484,1804,1625,2422,1092,2012,4027,243,476,1328,
"2025-09-02",2127,6407,4645,2829,3354,3378,1366,2207,2461,1420,1854,1636,2369,1105,1813,3101,316,502,1400,
"2025-09-03",1926,6271,4482,2908,3589,3572,2801,2728,2130,1203,1956,1660,1979,1219,1752,2765,436,547,1432,
"2025-09-04",1795,6115,4431,2766,3625,3659,4236,2882,1990,1231,1788,1768,1787,1154,1435,2624,462,608,1462,
"2025-09-05",1905,5741,4788,2880,3526,3701,3650,2909,2406,1599,2046,1761,1813,1137,1368,2770,403,556,1471,
"2025-09-06",1927,5232,4064,2659,3087,3176,3539,2551,2526,1650,2019,1568,1477,982,1256,2520,351,433,1363,
"2025-09-07",1882,4827,3675,2456,2804,2808,2811,2275,2305,1607,1763,1480,1222,734,1189,2404,348,342,1289,
"2025-09-08",1789,5633,4277,2784,3294,3337,2464,2581,2552,1793,1823,1618,1828,916,1340,2761,394,434,1244,
"2025-09-09",1783,6187,4320,2887,3358,3437,2081,2678,2415,1658,1926,1627,2037,1089,1392,2603,361,526,1217,
"2025-09-10",1813,6293,4209,2856,3240,3447,1786,2701,2412,1442,1618,1605,2204,1112,1376,2478,319,584,1071,
"2025-09-11",1822,6166,4375,2913,3382,3570,1434,2728,2402,1481,1593,1642,2190,1034,1334,2721,322,623,1101,
"2025-09-12",1955,6151,4366,2929,3670,3677,970,2868,2113,1621,1750,1536,1976,1015,1421,2932,343,571,1166,
"2025-09-13",1785,5626,3794,2650,3310,3181,1114,2646,2058,1732,2059,1427,1535,708,1472,2655,326,490,1088,
"2025-09-14",1756,5089,3664,2368,2959,2900,1845,2269,1814,1805,1877,1455,1327,601,1411,2459,325,446,1081,
"2025-09-15",1951,5219,4362,2686,3281,3449,3219,2712,2316,2029,1781,1554,1620,894,1542,2937,360,512,1232,
"2025-09-16",1882,5508,4422,2789,3439,3584,4403,2822,2373,1981,2011,1522,1709,977,1528,2964,356,536,1303,
"2025-09-17",1546,5373,4144,2776,3324,3238,5117,2656,2283,1901,2370,1438,1849,797,1504,2787,338,570,1345,
"2025-09-18",1737,5546,4368,2821,3602,3541,5415,2868,2397,1895,2348,1396,2210,884,1587,2444,329,629,1364,
"2025-09-19",1845,5727,4413,3161,3618,3895,5352,3040,2970,2125,2177,1541,2349,981,1686,2553,309,750,1268,
"2025-09-20",2115,5677,4071,2974,3443,3560,2713,2815,2398,2146,2268,1535,1588,875,1704,2420,295,633,1167,
"2025-09-21",1891,5238,3774,2598,2976,3021,1673,2391,2217,1794,2257,1390,1252,692,1614,2164,261,445,1056,
"2025-09-22",2058,5580,4305,2979,3381,3478,369,2743,2477,1996,2678,1541,1575,835,1841,2783,284,449,1203,
"2025-09-23",2060,5714,4697,3211,3933,3732,376,2799,2510,1888,2097,1497,1709,1027,1846,2939,310,565,1281,
"2025-09-24",2201,5706,4572,3095,4066,3869,780,2746,2393,1815,2263,1509,1763,1051,1680,2801,334,638,1280,
"2025-09-25",1979,5701,4393,3111,4110,3826,682,2829,2439,1836,2699,1358,1824,1037,1623,2582,325,622,1101,
"2025-09-26",2118,5922,4621,3350,4329,4076,565,3052,2641,1953,2892,1369,2194,1056,1684,2637,319,650,1055,
"2025-09-27",2035,5646,4085,2940,3833,3602,578,2735,2449,1868,2722,1267,2131,971,1623,2468,285,600,990,
"2025-09-28",1951,5289,3849,2782,3761,3365,587,2623,2381,1657,2428,1186,1649,952,1517,2270,277,569,929,
"2025-09-29",2111,5145,4314,3215,3681,3631,523,2976,2600,1963,2833,1467,1587,995,1778,2252,297,834,1142,
"2025-09-30",2169,5083,4522,3295,3884,3589,1061,2970,2847,2018,2716,1533,1345,973,1917,2406,288,1042,1189,
"2025-10-01",2198,5003,4539,3285,3913,3579,1108,2945,2895,1985,2625,1555,1382,1023,1916,2688,292,1132,1200,
"2025-10-02",2001,5143,4360,3253,3861,3679,1020,2997,2724,1819,2177,1371,1714,1031,1944,2018,269,817,1123,
"2025-10-03",2168,5419,4598,3598,3568,3856,1264,3175,3072,1809,2589,1327,2311,930,1755,1769,259,640,1130,
"2025-10-04",2072,4878,3938,3343,3109,3262,1156,2852,2411,1532,1628,1192,2139,646,1632,1698,231,673,1035,
"2025-10-05",1887,4826,3717,3094,3114,3006,1232,2414,2242,1454,1773,1155,1205,598,1755,1677,234,593,963,
"2025-10-06",1476,4563,3750,2970,3030,2940,1190,2583,2122,1466,1769,1127,1106,606,1607,1519,220,499,929,
"2025-10-07",1569,5473,4444,3529,3673,3548,1516,3096,2676,1806,2352,1333,2122,889,1830,1672,229,620,1066,
"2025-10-08",1505,5268,4502,3571,3627,3706,1819,3062,2608,1761,2402,1298,2649,1033,1737,1598,215,689,1043,
"2025-10-09",1435,5331,4504,3480,3784,3566,1861,2840,2241,1752,2111,1256,2563,1004,1561,1652,210,704,1022,
"2025-10-10",1608,5313,4485,3660,3803,3509,1792,2958,2288,1657,2190,1298,2223,841,1516,2082,210,653,925,
"2025-10-11",1868,4824,3972,3426,3392,3181,1691,2503,2162,1548,1827,1198,1978,647,1447,2362,212,529,762,
"2025-10-12",1834,4564,3878,3395,3135,2847,1795,2377,2987,1676,1476,1135,2476,548,1573,2229,239,395,779,
"2025-10-13",1854,4634,4434,3973,3444,3304,2123,2304,2457,1828,1552,1217,2316,592,1683,2115,249,425,913,
"2025-10-14",1860,4667,4387,3967,3525,3273,2273,2663,2443,1834,1681,1280,2078,672,1563,1826,231,506,984,
"2025-10-15",1753,5119,4126,4011,3512,3429,2303,2784,2736,1274,2014,1401,2278,881,1522,1912,223,572,979,
"2025-10-16",1678,5197,4370,4077,3512,3552,2183,2928,2675,1276,2259,1496,2516,1032,1218,1987,229,629,975,
"2025-10-17",1659,5508,4537,3823,3781,3788,2284,3020,2750,1416,2303,1510,2951,1008,1027,2087,229,635,1027,
"2025-10-18",1666,5083,4064,3574,3218,3239,2289,2747,2673,1256,2124,1447,2511,801,979,2201,208,531,1021,
"2025-10-19",1694,4447,3868,3458,2764,2959,2379,2445,2836,1440,1541,1405,2062,659,1110,2328,201,432,980,
"2025-10-20",1902,4836,4341,3774,3231,3391,2848,2844,2716,1730,1832,1561,2650,744,1302,2475,235,512,1114,
"2025-10-21",1830,4959,4416,3894,3340,3400,2916,2746,2723,1712,2012,1618,2792,899,1102,2045,235,582,1157,
"2025-10-22",1716,4946,4293,3760,3206,3136,2848,2349,2335,1444,1818,1703,2458,1019,941,1904,232,570,1086,
"2025-10-23",1691,4834,4123,3781,3141,3139,3147,2358,2617,1456,1743,1729,2390,1109,860,1442,224,588,991,
"2025-10-24",1761,4895,4346,3888,3316,3417,3506,2506,2649,1557,2021,1670,2745,1089,851,1344,220,621,1132,
"2025-10-25",1699,4743,3761,3567,3056,3128,3413,2731,2796,1286,2162,1436,2204,813,889,1259,198,511,1265,
"2025-10-26",1652,4457,3812,3363,2922,3023,3199,2621,2519,1276,1962,1390,2074,765,927,1243,207,466,1436,
"2025-10-27",1719,4742,4359,3720,3336,3442,3448,2944,2714,1367,2296,1547,2662,916,1016,1295,266,562,1767,
"2025-10-28",1640,4617,4334,3861,3299,3307,3301,2914,2779,1374,2329,1637,2257,984,955,1272,316,617,1809,
"2025-10-29",1669,4614,4340,3713,3429,3336,3292,2984,2470,1583,2258,1617,2276,1064,860,1145,379,638,1829,
"2025-10-30",1655,4802,4417,3725,3790,3502,3384,3076,2738,1844,2346,1537,2359,1099,814,959,429,671,1798,
"2025-10-31",1725,4964,4402,3703,3912,3642,3255,3168,2745,1888,2481,1524,2736,1168,759,880,530,741,1621,
"2025-11-01",1800,4416,3925,3348,3459,3268,2843,2914,2600,1681,2608,1595,1768,1132,722,902,518,608,1365,
"2025-11-02",1779,4208,3712,3132,3084,3125,2600,2708,2406,1824,2507,1579,1549,932,731,942,376,507,1237,
"2025-11-03",1983,4564,4432,3687,3627,3618,3005,3041,2873,1897,2667,1692,2186,933,926,1105,411,603,1431,
"2025-11-04",1912,4673,4503,3639,3633,3579,3076,3023,2632,1882,2451,1616,2339,1009,972,896,571,677,1348,
"2025-11-05",1752,4790,4591,3519,3820,3628,2736,3049,2521,1901,2748,1670,2494,1112,915,775,776,745,1367,
"2025-11-06",1830,4788,4725,3559,4128,3678,2966,3227,2860,1840,2828,1936,2672,1104,990,801,936,796,1459,
"2025-11-07",1890,4937,4648,3793,4408,3882,3324,3321,2951,1939,2839,1954,2674,971,1140,912,933,721,1339,
"2025-11-08",1870,4723,4269,3577,4249,3703,3224,3182,2914,2005,2429,1907,2449,871,1184,963,860,644,1205,
"2025-11-09",1735,4495,3996,3246,3868,3424,2935,2920,2676,1851,2179,1761,2208,790,1073,855,797,590,1093,
"2025-11-10",2006,4833,4483,3653,4506,3964,3322,3360,3049,1979,2522,2007,2129,917,1204,988,972,699,1237,
"2025-11-11",2091,4800,4489,3550,4375,3827,3256,3247,3003,1979,2562,2096,2199,937,1254,1008,975,690,1247,
"2025-11-12",1545,4735,4730,3631,4235,3751,3207,3168,2921,2246,2659,2149,2354,1004,1333,1247,458,999,1151,
"2025-11-13",1688,4568,4768,3844,4182,3751,3263,3138,2920,2283,2637,2205,2522,1104,1430,1593,319,1114,1295,
"2025-11-14",1924,4881,4858,3850,4464,4053,3289,3412,3174,1969,2738,2218,3351,1149,1443,1384,471,1184,1269,
"2025-11-15",1819,4613,4178,3365,3975,3560,2897,3188,3238,1728,2601,2141,2545,1094,1344,1171,776,1191,1179,
"2025-11-16",1930,4324,4147,3327,3736,3362,2811,2949,2647,1947,2554,2157,1958,1150,1332,1144,995,1041,1111,
"2025-11-17",2153,4785,4891,4051,4304,3932,3411,3419,3156,2511,2664,2451,2027,1458,1573,1372,1224,1047,1186,
"2025-11-18",2335,4904,5045,4238,4481,4085,3512,3500,3246,2633,2789,2577,2098,1545,1663,1438,1289,1110,1282,
"2025-11-19",2222,4800,4911,4083,4369,3982,3387,3412,3117,2527,2742,2521,2116,1475,1629,1424,1226,1221,1230,